State,County,RUCC_2023,# of acres enrolled in CRP,# of acres in conservation or no till,% of county in agriculture,$ farm income,$ taxes paid,# of jobs,# of farms accepting SNAP,# of BIPOC farmers,# of DTC Operations,FIPS
ALABAMA,AUTAUGA,2,1597,10127,4.3,10405000,597000,356,3,76,19,1001
ALABAMA,BALDWIN,3,2145,54426,4.1,30814000,2003000,1326,1,64,84,1003
ALABAMA,BARBOUR,6,8354,21753,7.2,72124000,1354000,380,2,183,16,1005
ALABAMA,BIBB,1,218,1501,0.1,286000,274000,130,0,6,13,1007
ALABAMA,BLOUNT,1,302,8884,1.2,118071000,1950000,534,3,32,51,1009
ALABAMA,BULLOCK,8,4346,5195,1.6,15182000,1147000,442,0,79,14,1011
ALABAMA,BUTLER,6,1737,1641,0.1,93271000,865000,196,1,64,12,1013
ALABAMA,CALHOUN,3,0,8914,1,29563000,1255000,282,1,27,43,1015
ALABAMA,CHAMBERS,6,183,1230,0.6,-6131000,814000,229,1,23,24,1017
ALABAMA,CHEROKEE,8,337,61315,4.1,91093000,1424000,428,0,30,34,1019
ALABAMA,CHILTON,1,155,1101,3.2,2035000,799000,314,3,40,57,1021
ALABAMA,CHOCTAW,9,167,2711,0.1,-448000,363000,80,2,69,1,1023
ALABAMA,CLARKE,9,115,115,0.1,-68000,377000,65,2,34,14,1025
ALABAMA,CLAY,9,6,514,0.7,67222000,800000,182,0,2,41,1027
ALABAMA,CLEBURNE,8,170,504,0.7,50126000,662000,231,0,6,12,1029
ALABAMA,COFFEE,4,5413,24020,3.4,144940000,1239000,430,1,86,25,1031
ALABAMA,COLBERT,3,369,37670,0,10141000,1024000,293,0,49,19,1033
ALABAMA,CONECUH,9,2364,9134,0.1,4954000,773000,103,0,75,21,1035
ALABAMA,COOSA,8,0,19,0.5,-142000,187000,72,0,13,9,1037
ALABAMA,COVINGTON,6,7774,22459,1,64718000,1456000,396,1,36,28,1039
ALABAMA,CRENSHAW,8,4240,2815,0.1,109030000,923000,234,1,30,12,1041
ALABAMA,CULLMAN,4,363,15131,0.9,189690000,2556000,742,2,42,72,1043
ALABAMA,DALE,4,2716,16827,2.4,123047000,1321000,214,2,34,21,1045
ALABAMA,DALLAS,4,8188,32058,7.4,16170000,893000,418,3,191,9,1047
ALABAMA,DEKALB,6,486,0,0,0,0,0,1,0,0,1049
ALABAMA,ELMORE,2,362,22580,2.2,2312000,676000,198,0,38,33,1051
ALABAMA,ESCAMBIA,6,2187,27749,1.4,5193000,716000,235,0,59,15,1053
ALABAMA,ETOWAH,3,468,12621,2.2,67358000,1294000,262,1,18,54,1055
ALABAMA,FAYETTE,8,1024,4553,0.4,9655000,424000,124,0,13,8,1057
ALABAMA,FRANKLIN,6,1293,9160,0.5,74469000,1241000,321,1,16,18,1059
ALABAMA,GENEVA,3,8168,40681,11.2,105811000,1576000,455,3,55,30,1061
ALABAMA,GREENE,2,2088,2699,0.1,3129000,527000,224,0,164,10,1063
ALABAMA,HALE,2,651,1926,1.5,9979000,812000,273,1,166,12,1065
ALABAMA,HENRY,3,3817,30818,11.5,39878000,1057000,216,1,47,6,1067
ALABAMA,HOUSTON,3,5158,54475,7.8,28690000,1672000,573,3,53,42,1069
ALABAMA,JACKSON,6,1113,71785,2.2,62618000,2043000,744,0,62,24,1071
ALABAMA,JEFFERSON,1,0,137,0.3,795000,610000,159,2,56,22,1073
ALABAMA,LAMAR,8,774,4091,0.2,3610000,488000,107,0,3,4,1075
ALABAMA,LAUDERDALE,3,1974,63958,1.1,26122000,1738000,457,0,45,51,1077
ALABAMA,LAWRENCE,3,6557,96784,12.7,95187000,1690000,626,0,218,29,1079
ALABAMA,LEE,3,123,4279,1.7,13458000,775000,463,0,30,36,1081
ALABAMA,LIMESTONE,2,778,115102,20.9,49969000,1858000,644,0,128,42,1083
ALABAMA,LOWNDES,2,8174,14998,4.6,33036000,1112000,322,1,199,5,1085
ALABAMA,MACON,3,1954,14718,8.4,8222000,839000,337,4,136,15,1087
ALABAMA,MADISON,2,521,106936,11.7,23408000,1763000,549,3,140,84,1089
ALABAMA,MARENGO,6,6244,11999,1.5,3713000,994000,422,1,197,20,1091
ALABAMA,MARION,9,478,12903,0.2,75228000,875000,193,0,16,8,1093
ALABAMA,MARSHALL,4,621,19014,1.5,151240000,2828000,859,1,31,71,1095
ALABAMA,MOBILE,2,251,20699,1.5,42163000,1450000,1063,2,43,38,1097
ALABAMA,MONROE,8,1872,15937,0,12043000,947000,179,0,124,7,1099
ALABAMA,MONTGOMERY,2,4148,4121,0.5,8432000,1017000,489,0,163,24,1101
ALABAMA,MORGAN,3,2536,21153,1.3,40416000,2151000,508,1,68,73,1103
ALABAMA,PERRY,8,3160,20987,7,8264000,906000,362,0,248,9,1105
ALABAMA,PICKENS,2,2073,10522,6.8,44787000,703000,233,0,67,7,1107
ALABAMA,PIKE,6,3676,11510,2.9,116968000,1767000,375,0,69,20,1109
ALABAMA,RANDOLPH,8,78,1812,0.5,72237000,1201000,365,0,78,21,1111
ALABAMA,RUSSELL,2,1921,3621,2.7,8052000,752000,188,0,43,4,1113
ALABAMA,ST. CLAIR,1,1643,0,0,0,0,0,1,0,0,1115
ALABAMA,SHELBY,1,5,7556,1.6,4158000,807000,353,0,14,42,1117
ALABAMA,SUMTER,8,6678,333,2.4,1326000,753000,260,0,209,6,1119
ALABAMA,TALLADEGA,4,332,23512,5.5,11372000,997000,372,0,87,43,1121
ALABAMA,TALLAPOOSA,6,80,5251,2.6,10973000,477000,154,1,26,7,1123
ALABAMA,TUSCALOOSA,2,352,14820,0.8,14142000,697000,308,1,30,40,1125
ALABAMA,WALKER,1,130,2401,0.3,22242000,754000,242,0,7,22,1127
ALABAMA,WASHINGTON,8,135,3269,0.1,584000,420000,166,1,45,4,1129
ALABAMA,WILCOX,9,3784,4540,0,-144000,714000,228,0,214,6,1131
ALABAMA,WINSTON,8,62,1239,0.9,3871000,372000,91,0,14,6,1133
ARKANSAS,ARKANSAS,6,17109,161404,58.8,118426000,2938000,740,0,11,5,5001
ARKANSAS,ASHLEY,7,6911,79273,19.4,23770000,1028000,486,0,26,9,5003
ARKANSAS,BAXTER,7,66,1211,0.3,4464000,924000,178,0,8,41,5005
ARKANSAS,BENTON,2,43,3058,1.1,363402000,5730000,872,0,253,93,5007
ARKANSAS,BOONE,7,207,2312,0.3,73593000,2558000,415,1,35,23,5009
ARKANSAS,BRADLEY,7,53,123,0.4,14618000,525000,459,0,0,4,5011
ARKANSAS,CALHOUN,9,36,0,0.1,358000,151000,37,0,8,6,5013
ARKANSAS,CARROLL,6,71,1154,0.3,198095000,3006000,766,1,77,31,5015
ARKANSAS,CHICOT,9,14934,181144,58.9,54916000,1295000,433,0,30,0,5017
ARKANSAS,CLARK,7,621,2158,2,6906000,890000,126,0,64,19,5019
ARKANSAS,CLAY,9,3982,143359,49.9,120636000,1728000,560,0,4,8,5021
ARKANSAS,CLEBURNE,6,50,781,2.6,16292000,1133000,142,0,15,21,5023
ARKANSAS,CLEVELAND,8,45,85,0.1,52199000,695000,97,0,26,5,5025
ARKANSAS,COLUMBIA,7,0,417,0.6,9847000,618000,141,0,27,10,5027
ARKANSAS,CONWAY,6,222,15222,12.2,99509000,1458000,389,1,79,16,5029
ARKANSAS,CRAIGHEAD,3,1674,193088,58.1,70359000,2261000,490,0,19,10,5031
ARKANSAS,CRAWFORD,3,462,7700,7.2,16839000,2010000,522,0,66,47,5033
ARKANSAS,CRITTENDEN,1,6502,207741,86.5,71312000,1254000,610,2,47,13,5035
ARKANSAS,CROSS,6,10900,133493,64.9,60266000,1271000,418,1,18,0,5037
ARKANSAS,DALLAS,8,190,0,0,-592000,131000,16,1,42,3,5039
ARKANSAS,DESHA,9,7330,95596,49.3,68056000,1955000,618,0,43,5,5041
ARKANSAS,DREW,7,3745,32757,9.7,24562000,835000,206,0,13,10,5043
ARKANSAS,FAULKNER,2,638,7032,5.9,-3117000,2702000,518,3,93,55,5045
ARKANSAS,FRANKLIN,8,196,2590,0.6,77404000,1665000,437,0,72,22,5047
ARKANSAS,FULTON,9,16,2517,0.5,11187000,1271000,363,1,19,27,5049
ARKANSAS,GARLAND,3,0,341,0.2,-2975000,678000,242,0,13,27,5051
ARKANSAS,GRANT,2,0,676,0,-2581000,697000,116,0,52,17,5053
ARKANSAS,GREENE,4,2057,100258,44.7,53975000,1327000,408,0,12,16,5055
ARKANSAS,HEMPSTEAD,6,820,2087,3.1,154250000,2234000,542,0,103,10,5057
ARKANSAS,HOT SPRING,6,16,812,0.3,164000,868000,169,0,26,43,5059
ARKANSAS,HOWARD,8,0,590,0.4,141531000,1742000,359,0,68,4,5061
ARKANSAS,INDEPENDENCE,7,4252,32463,15.4,97644000,2376000,471,0,24,38,5063
ARKANSAS,IZARD,9,2,2607,1.8,23040000,1308000,206,0,22,12,5065
ARKANSAS,JACKSON,6,13620,152600,62.7,53621000,1293000,454,1,10,7,5067
ARKANSAS,JEFFERSON,4,22721,123369,46.1,73421000,1920000,465,1,170,7,5069
ARKANSAS,JOHNSON,7,31,5307,3.4,90537000,1406000,332,1,29,5,5071
ARKANSAS,LAFAYETTE,8,0,22882,17.3,62457000,653000,150,0,13,5,5073
ARKANSAS,LAWRENCE,6,2662,128768,47.9,74947000,1666000,342,0,8,15,5075
ARKANSAS,LEE,8,2064,161448,74.9,89520000,723000,502,0,101,4,5077
ARKANSAS,LINCOLN,9,7566,109570,48.7,89363000,1847000,532,0,51,2,5079
ARKANSAS,LITTLE RIVER,3,86,8850,10.9,55487000,1519000,226,0,107,3,5081
ARKANSAS,LOGAN,8,17,7096,3.9,126418000,2096000,474,2,101,37,5083
ARKANSAS,LONOKE,2,10609,180263,64.9,65006000,3413000,859,2,34,45,5085
ARKANSAS,MADISON,2,4,1838,1,162406000,2435000,592,0,120,27,5087
ARKANSAS,MARION,9,0,271,0.8,17870000,1230000,295,0,20,10,5089
ARKANSAS,MILLER,3,386,59321,19.1,5656000,957000,242,0,33,17,5091
ARKANSAS,MISSISSIPPI,4,595,342912,87.8,172953000,2501000,720,1,12,6,5093
ARKANSAS,MONROE,9,3481,71985,40.6,29819000,772000,248,0,36,7,5095
ARKANSAS,MONTGOMERY,8,6,191,0.2,4822000,687000,151,0,19,8,5097
ARKANSAS,NEVADA,9,433,781,0.2,44893000,729000,191,0,48,14,5099
ARKANSAS,NEWTON,9,0,1309,0.5,13266000,943000,139,0,24,7,5101
ARKANSAS,OUACHITA,7,87,247,0.2,5379000,376000,41,0,27,6,5103
ARKANSAS,PERRY,2,1205,14708,5.9,22937000,839000,209,1,13,21,5105
ARKANSAS,PHILLIPS,7,2636,239395,83.6,109037000,1701000,534,1,68,4,5107
ARKANSAS,PIKE,9,0,403,0.3,41804000,968000,184,0,18,4,5109
ARKANSAS,POINSETT,3,2148,162424,68,75513000,1864000,580,0,30,2,5111
ARKANSAS,POLK,7,0,914,0.8,89883000,1613000,295,0,46,6,5113
ARKANSAS,POPE,5,1537,6169,6,85908000,1853000,404,0,50,35,5115
ARKANSAS,PRAIRIE,8,12508,98983,52.9,49739000,1733000,568,0,23,1,5117
ARKANSAS,PULASKI,2,2483,14471,5.2,3585000,1111000,280,6,88,37,5119
ARKANSAS,RANDOLPH,7,222,61486,22.6,124262000,2571000,446,0,8,17,5121
ARKANSAS,ST. FRANCIS,6,4338,0,0,0,0,0,1,0,0,5123
ARKANSAS,SALINE,2,0,413,0.6,-566000,859000,95,0,8,43,5125
ARKANSAS,SCOTT,8,323,777,0.2,107305000,937000,288,1,83,3,5127
ARKANSAS,SEARCY,9,61,751,0.1,9844000,985000,185,1,19,23,5129
ARKANSAS,SEBASTIAN,3,0,7483,1.4,50764000,1832000,219,0,53,37,5131
ARKANSAS,SEVIER,6,5,910,0.3,148694000,1443000,216,0,80,8,5133
ARKANSAS,SHARP,9,102,964,1,106727000,1416000,295,0,12,15,5135
ARKANSAS,STONE,9,13,894,0.7,41383000,826000,146,0,21,7,5137
ARKANSAS,UNION,7,0,103,0,5596000,437000,63,0,68,10,5139
ARKANSAS,VAN BUREN,8,0,1022,0.6,-1311000,1051000,193,0,35,25,5141
ARKANSAS,WASHINGTON,2,81,4414,1.4,238102000,7766000,1113,2,245,149,5143
ARKANSAS,WHITE,4,14944,52897,15.4,74141000,3570000,1129,1,86,90,5145
ARKANSAS,WOODRUFF,9,5658,93967,53.8,40477000,744000,337,0,47,2,5147
ARKANSAS,YELL,9,4511,17330,3.8,169461000,1866000,427,0,134,13,5149
GEORGIA,DEKALB,1,0,0,0,0,0,0,3,0,0,13089
TENNESSEE,DEKALB,8,11,0,0,0,0,0,0,0,0,47041
FLORIDA,DESOTO,6,0,0,0,0,0,0,1,0,0,12027
FLORIDA,ALACHUA,2,0,7245,9.4,36269000,7245000,2749,3,321,150,12001
FLORIDA,BAKER,1,0,2648,1.6,6210000,716000,89,1,16,16,12003
FLORIDA,BAY,3,0,535,0.5,0,1126000,68,0,18,18,12005
FLORIDA,BRADFORD,6,0,273,0,9614000,911000,234,1,37,16,12007
FLORIDA,BREVARD,2,0,3803,13.2,10162000,2729000,651,1,118,98,12009
FLORIDA,BROWARD,1,0,933,0.3,9223000,2542000,1267,4,434,86,12011
FLORIDA,CALHOUN,8,201,5804,3.2,5832000,1810000,150,0,16,5,12013
FLORIDA,CHARLOTTE,3,0,284,8.6,12156000,2585000,544,0,65,13,12015
FLORIDA,CITRUS,3,53,600,1.2,-152000,2135000,263,1,70,70,12017
FLORIDA,CLAY,1,0,0,0.1,-1310000,1108000,97,0,27,20,12019
FLORIDA,COLLIER,2,0,1210,7,117400000,4423000,3633,0,132,23,12021
FLORIDA,COLUMBIA,4,162,4335,2.7,9120000,2954000,660,2,129,31,12023
MISSISSIPPI,DESOTO,1,2942,0,0,0,0,0,0,0,0,28033
FLORIDA,DIXIE,8,0,1051,3.2,1449000,591000,159,0,10,11,12029
FLORIDA,DUVAL,1,0,370,0.9,-865000,968000,303,4,42,49,12031
FLORIDA,ESCAMBIA,2,0,33759,2.4,-538000,1445000,414,1,69,51,12033
FLORIDA,FLAGLER,2,509,3468,4.3,20432000,816000,278,0,8,5,12035
FLORIDA,FRANKLIN,8,0,0,0,-39000,300000,16,0,7,4,12037
FLORIDA,GADSDEN,2,0,3125,6,9537000,984000,730,1,118,35,12039
FLORIDA,GILCHRIST,2,0,19281,31.2,58487000,2223000,734,1,53,15,12041
FLORIDA,GLADES,8,0,8395,29.9,2991000,3528000,834,0,106,14,12043
FLORIDA,GULF,8,0,6,0.1,0,978000,63,1,2,5,12045
FLORIDA,HAMILTON,8,78,6460,5.3,9842000,1161000,185,0,63,11,12047
FLORIDA,HARDEE,6,79,3054,32.4,27673000,6811000,1746,0,221,22,12049
FLORIDA,HENDRY,4,0,0,55.2,218225000,11009000,3642,0,150,7,12051
FLORIDA,HERNANDO,1,0,469,2.9,449000,2560000,505,2,140,44,12053
FLORIDA,HIGHLANDS,3,0,1968,23.7,45607000,6358000,2083,3,188,21,12055
FLORIDA,HILLSBOROUGH,1,0,6568,7.6,185759000,11058000,9696,5,528,102,12057
FLORIDA,HOLMES,8,0,7173,3.9,6853000,1295000,230,0,21,22,12059
FLORIDA,INDIAN RIVER,3,986,499,33.8,15602000,4260000,1510,2,83,54,12061
FLORIDA,JACKSON,6,0,41113,16.8,22126000,2819000,736,2,231,45,12063
FLORIDA,JEFFERSON,2,1630,6395,6.6,24196000,3153000,851,2,121,51,12065
FLORIDA,LAFAYETTE,9,1221,12165,10.5,49214000,1178000,503,0,47,8,12067
FLORIDA,LAKE,1,0,3747,9,71398000,5834000,3588,1,211,116,12069
FLORIDA,LEE,2,245,3277,5.8,12670000,3500000,1679,5,205,96,12071
FLORIDA,LEON,2,0,3009,5.1,504000,1750000,251,3,90,63,12073
FLORIDA,LEVY,2,23,22522,11.9,33144000,3324000,1027,3,139,33,12075
FLORIDA,LIBERTY,8,0,62,0,2699000,515000,41,1,5,13,12077
FLORIDA,MADISON,8,0,11035,9.1,38322000,8502000,945,0,125,13,12079
FLORIDA,MANATEE,2,1086,4228,23.8,54678000,7065000,4012,1,117,31,12081
FLORIDA,MARION,2,0,5481,4.9,7688000,13618000,3587,4,757,109,12083
FLORIDA,MARTIN,2,0,1698,15.2,37625000,3343000,1789,0,122,33,12085
TEXAS,DEWITT,6,0,0,0,0,0,0,0,0,0,48123
FLORIDA,MONROE,4,0,60,0,1113000,211000,41,0,33,5,12087
FLORIDA,NASSAU,1,0,24,0,-669000,1406000,134,3,33,28,12089
FLORIDA,OKALOOSA,2,1371,4986,1.2,-133000,968000,68,0,19,34,12091
FLORIDA,OKEECHOBEE,4,0,1320,19.4,50133000,5385000,1430,0,154,8,12093
FLORIDA,ORANGE,1,0,357,14,126094000,3848000,3896,2,230,38,12095
FLORIDA,OSCEOLA,1,0,984,47.8,-2308000,3052000,648,0,86,19,12097
FLORIDA,PALM BEACH,1,0,140516,34.7,413080000,26799000,6290,3,540,117,12099
FLORIDA,PASCO,1,0,947,4.1,7717000,4616000,1277,2,224,66,12101
FLORIDA,PINELLAS,1,0,0,0.4,222000,514000,291,3,4,22,12103
FLORIDA,POLK,2,0,4935,20.6,47583000,10729000,3447,1,367,79,12105
FLORIDA,PUTNAM,4,0,2290,9.6,22046000,1878000,821,2,85,35,12107
FLORIDA,ST. JOHNS,1,0,0,3.5,7451000,1039000,498,0,46,15,12109
FLORIDA,ST. LUCIE,2,0,0,22.2,16698000,3351000,818,1,84,23,12111
FLORIDA,SANTA ROSA,2,1216,27712,2,7108000,1580000,734,0,134,49,12113
FLORIDA,SARASOTA,2,0,81,8.9,10876000,2874000,733,1,16,40,12115
FLORIDA,SEMINOLE,1,0,417,0.9,94000,908000,466,0,71,29,12117
FLORIDA,SUMTER,3,476,1499,2.6,16407000,2511000,1047,0,210,22,12119
FLORIDA,SUWANNEE,6,0,15218,14.4,75062000,4640000,1338,2,210,26,12121
FLORIDA,TAYLOR,6,0,505,0.3,6957000,424000,71,0,7,6,12123
FLORIDA,UNION,8,0,830,5,-550000,706000,115,2,31,22,12125
FLORIDA,VOLUSIA,2,0,3037,4.7,64617000,5377000,4012,2,221,134,12127
FLORIDA,WAKULLA,2,0,281,0.4,-528000,668000,207,0,27,29,12129
FLORIDA,WALTON,2,1655,6563,3.5,7602000,1343000,193,0,57,56,12131
FLORIDA,WASHINGTON,3,398,2785,0.9,343000,761000,134,1,24,20,12133
GEORGIA,APPLING,7,1067,35059,12.1,77114000,1706000,743,1,22,15,13001
GEORGIA,ATKINSON,9,71,14356,16,35849000,999000,414,1,4,4,13003
GEORGIA,BACON,9,233,15886,12.1,43322000,1253000,770,0,11,11,13005
GEORGIA,BAKER,8,207,11452,26.6,8914000,1124000,282,0,47,0,13007
GEORGIA,BALDWIN,4,0,257,0,-835000,266000,71,0,18,1,13009
GEORGIA,BANKS,8,33,1082,1.3,96051000,1453000,292,1,35,6,13011
GEORGIA,BARROW,1,0,199,0.1,35199000,766000,84,0,13,23,13013
GEORGIA,BARTOW,1,942,5893,3.4,37283000,1738000,249,0,24,17,13015
GEORGIA,BEN HILL,7,1627,3868,13.8,7375000,519000,110,0,24,8,13017
GEORGIA,BERRIEN,8,733,21784,26.5,35494000,2049000,464,0,10,14,13019
GEORGIA,BIBB,3,0,5,1.3,7585000,411000,35,3,11,14,13021
GEORGIA,BLECKLEY,6,607,7517,11.2,360000,436000,82,0,9,4,13023
GEORGIA,BRANTLEY,3,0,83,1.1,11931000,628000,256,0,8,14,13025
GEORGIA,BROOKS,3,5981,90414,38.8,56980000,3156000,759,2,97,21,13027
GEORGIA,BRYAN,2,200,12,0.1,-901000,416000,53,0,5,5,13029
GEORGIA,BULLOCH,4,4565,87188,16.5,39690000,1751000,455,2,53,29,13031
GEORGIA,BURKE,2,1842,60192,21.5,49939000,2184000,546,2,127,21,13033
GEORGIA,BUTTS,1,0,466,1.7,1232000,454000,61,0,11,6,13035
GEORGIA,CALHOUN,8,4442,34407,53.8,20194000,1943000,224,0,26,2,13037
GEORGIA,CAMDEN,4,0,20,0.9,-755000,137000,5,1,2,22,13039
GEORGIA,CANDLER,9,2506,16174,9.1,4750000,876000,229,0,59,13,13043
GEORGIA,CARROLL,1,100,3472,1.6,126642000,2400000,532,0,57,25,13045
GEORGIA,CATOOSA,2,260,437,0.8,14914000,567000,62,0,11,26,13047
GEORGIA,CHARLTON,8,0,28,0,-869000,292000,22,1,5,1,13049
GEORGIA,CHATHAM,2,0,0,0,4476000,250000,85,0,10,7,13051
GEORGIA,CHATTAHOOCHEE,2,0,0,0,0,7000,0,0,4,0,13053
GEORGIA,CHATTOOGA,6,358,3160,1.8,37079000,988000,103,0,16,14,13055
GEORGIA,CHEROKEE,1,0,243,0.3,-3224000,1156000,283,1,13,23,13057
GEORGIA,CLARKE,3,363,49,1.6,-87000,294000,143,2,8,5,13059
GEORGIA,CLAY,9,2006,3031,19.2,2419000,668000,79,0,9,4,13061
GEORGIA,CLAYTON,1,0,30,0.1,567000,61000,39,3,2,5,13063
GEORGIA,CLINCH,8,0,1491,4,32279000,1378000,720,0,21,1,13065
GEORGIA,COBB,1,0,10,0.1,1247000,517000,88,3,23,18,13067
GEORGIA,COFFEE,7,2483,42796,26.4,80032000,2838000,697,0,40,11,13069
GEORGIA,COLQUITT,6,3663,65347,31.1,132939000,2544000,2216,1,81,12,13071
GEORGIA,COLUMBIA,2,0,257,2.1,-1624000,822000,186,2,19,25,13073
GEORGIA,COOK,6,809,24767,19.1,39976000,1013000,512,0,26,10,13075
GEORGIA,COWETA,1,207,820,0.6,-12231000,1547000,516,0,25,34,13077
GEORGIA,CRAWFORD,3,58,507,4.7,38769000,719000,346,0,29,9,13079
GEORGIA,CRISP,6,3887,51334,41.4,14702000,1146000,324,1,21,6,13081
GEORGIA,DADE,2,0,788,1.2,21948000,473000,64,1,14,8,13083
GEORGIA,DAWSON,1,0,511,0.3,54881000,555000,75,0,7,13,13085
GEORGIA,DECATUR,6,2853,55443,33.4,86446000,2405000,1074,0,40,6,13087
DELEWARE,KENT,3,1408,0,0,0,0,0,0,0,0,10001
GEORGIA,DODGE,7,3873,7980,7.5,2397000,1117000,205,1,35,19,13091
GEORGIA,DOOLY,8,10729,114482,40.4,48424000,2590000,461,0,71,7,13093
GEORGIA,DOUGHERTY,3,386,2379,20.2,1696000,773000,213,3,70,10,13095
GEORGIA,DOUGLAS,1,0,22,0.5,412000,218000,27,1,4,17,13097
GEORGIA,EARLY,8,7659,23516,23.6,11245000,1736000,227,0,96,1,13099
GEORGIA,ECHOLS,3,175,2397,4.7,1156000,314000,322,0,4,6,13101
GEORGIA,EFFINGHAM,2,18,5331,4.9,1993000,796000,97,0,5,29,13103
GEORGIA,ELBERT,6,107,6522,2.5,69129000,1480000,204,0,79,8,13105
GEORGIA,EMANUEL,7,4421,26730,7.6,4414000,1500000,226,0,30,13,13107
GEORGIA,EVANS,8,308,9262,15.6,20125000,572000,109,0,18,5,13109
GEORGIA,FANNIN,8,0,94,0.3,2700000,514000,220,0,10,16,13111
GEORGIA,FAYETTE,1,0,232,0.1,-772000,292000,56,0,8,19,13113
GEORGIA,FLOYD,3,679,6798,3.3,21091000,1792000,199,1,22,17,13115
GEORGIA,FORSYTH,1,0,181,1.6,12718000,922000,280,0,14,27,13117
GEORGIA,FRANKLIN,8,20,4928,1.7,193206000,2090000,397,0,56,34,13119
GEORGIA,FULTON,1,0,328,1.2,2028000,833000,139,7,42,47,13121
GEORGIA,GILMER,6,0,1448,0.1,119324000,943000,288,0,10,24,13123
GEORGIA,GLASCOCK,9,260,1148,0,0,169000,10,0,0,2,13125
GEORGIA,GLYNN,3,0,34,0.1,-501000,168000,25,2,14,15,13127
GEORGIA,GORDON,4,1437,8083,2.5,151044000,2999000,328,1,41,16,13129
GEORGIA,GRADY,6,5021,16530,13.7,44555000,2088000,712,0,51,16,13131
GEORGIA,GREENE,8,0,464,1.5,31044000,877000,243,2,53,16,13133
GEORGIA,GWINNETT,1,0,97,0.1,2224000,339000,147,3,23,21,13135
GEORGIA,HABERSHAM,6,0,1580,0.5,44995000,1141000,267,0,17,18,13137
GEORGIA,HALL,3,425,1102,0.4,69225000,2408000,458,1,43,44,13139
GEORGIA,HANCOCK,9,0,451,1.4,3606000,511000,51,0,52,5,13141
GEORGIA,HARALSON,1,0,553,1,33860000,995000,112,1,16,17,13143
GEORGIA,HARRIS,2,289,180,0.7,-639000,603000,127,0,44,9,13145
GEORGIA,HART,6,496,16869,7.1,146178000,1798000,638,0,75,21,13147
GEORGIA,HEARD,1,141,1268,1.4,27550000,659000,86,0,10,21,13149
GEORGIA,HENRY,1,0,574,0.7,-794000,553000,220,2,25,19,13151
GEORGIA,HOUSTON,3,355,13818,11.7,8630000,1139000,181,0,100,11,13153
GEORGIA,IRWIN,9,2188,34892,35.2,24605000,1286000,854,1,46,9,13155
GEORGIA,JACKSON,4,0,2717,1.9,119281000,2133000,354,0,62,22,13157
GEORGIA,JASPER,1,72,1214,0,29722000,1216000,175,2,23,15,13159
GEORGIA,JEFF DAVIS,9,581,17204,8.5,15955000,1065000,159,0,6,11,13161
GEORGIA,JEFFERSON,8,1545,31308,24.5,18749000,1670000,230,0,12,14,13163
GEORGIA,JENKINS,9,2398,16293,13.8,4958000,845000,115,1,27,12,13165
GEORGIA,JOHNSON,9,1645,10561,5.9,7560000,918000,107,1,33,5,13167
GEORGIA,JONES,3,0,401,1.3,6552000,604000,92,0,31,12,13169
GEORGIA,LAMAR,6,0,5633,4.7,25276000,844000,177,0,20,12,13171
GEORGIA,LANIER,3,373,4427,20.9,3804000,814000,279,0,10,7,13173
GEORGIA,LAURENS,4,5439,31307,5.2,3960000,1794000,324,0,130,31,13175
GEORGIA,LEE,3,5487,16741,25.5,28117000,1546000,346,2,42,4,13177
GEORGIA,LIBERTY,3,0,0,0.5,-545000,98000,0,0,8,3,13179
GEORGIA,LINCOLN,2,357,695,0.2,1814000,423000,27,0,9,3,13181
GEORGIA,LONG,3,0,8,0.5,5550000,230000,14,2,18,9,13183
GEORGIA,LOWNDES,3,1194,11152,10.7,7392000,1571000,384,1,86,29,13185
GEORGIA,LUMPKIN,1,0,1237,0.3,33121000,869000,176,0,7,24,13187
GEORGIA,MCDUFFIE,2,0,351,8.7,18163000,778000,581,2,23,18,13189
GEORGIA,MCINTOSH,3,0,12,1.2,2838000,208000,165,0,3,8,13191
GEORGIA,MACON,8,4487,28113,29.1,148122000,1750000,571,0,50,10,13193
GEORGIA,MADISON,3,259,5494,4.3,168468000,2645000,476,0,73,41,13195
GEORGIA,MARION,2,870,4912,5.1,5523000,567000,102,0,46,18,13197
GEORGIA,MERIWETHER,1,502,969,1.1,2090000,1804000,229,0,70,15,13199
GEORGIA,MILLER,9,808,35350,50.1,21684000,1441000,295,0,23,8,13201
GEORGIA,MITCHELL,6,3224,58482,47.7,120045000,3059000,1194,3,89,16,13205
GEORGIA,MONROE,3,74,6108,0.8,27765000,800000,142,0,3,26,13207
GEORGIA,MONTGOMERY,9,648,8235,16,5293000,858000,335,1,27,19,13209
GEORGIA,MORGAN,1,157,6550,3.5,37160000,1875000,396,2,67,35,13211
GEORGIA,MURRAY,3,963,2988,0,91757000,1175000,199,1,12,6,13213
GEORGIA,MUSCOGEE,2,0,0,0,-198000,20000,11,0,3,3,13215
GEORGIA,NEWTON,1,16,670,0.7,788000,863000,192,1,30,29,13217
GEORGIA,OCONEE,3,530,1168,13.3,18306000,941000,757,0,56,35,13219
GEORGIA,OGLETHORPE,3,142,3927,4,176325000,2134000,494,1,49,26,13221
GEORGIA,PAULDING,1,0,291,0.3,-818000,684000,171,1,5,36,13223
GEORGIA,PEACH,3,231,10377,30.3,27552000,1509000,429,2,46,12,13225
GEORGIA,PICKENS,1,76,102,0.1,17707000,755000,73,0,9,15,13227
GEORGIA,PIERCE,8,153,18725,16.5,8206000,1073000,376,0,33,11,13229
GEORGIA,PIKE,1,373,486,0.7,423000,874000,133,0,8,15,13231
GEORGIA,POLK,4,145,5384,1.3,25309000,901000,277,0,12,26,13233
GEORGIA,PULASKI,8,1165,21676,20.1,14344000,1118000,161,0,13,2,13235
GEORGIA,PUTNAM,8,0,4255,3.8,2321000,558000,149,0,22,10,13237
GEORGIA,QUITMAN,8,436,120,0,28000,191000,0,0,7,0,13239
GEORGIA,RABUN,9,0,262,0,7434000,258000,239,0,20,14,13241
GEORGIA,RANDOLPH,8,4226,30840,22.9,17293000,1070000,313,0,37,0,13243
GEORGIA,RICHMOND,2,73,1892,1.3,-554000,343000,153,3,31,8,13245
GEORGIA,ROCKDALE,1,0,66,0.2,-1028000,293000,36,1,9,6,13247
GEORGIA,SCHLEY,8,925,655,3,5996000,350000,46,0,21,12,13249
GEORGIA,SCREVEN,8,3854,61588,22.3,11610000,1833000,337,0,42,6,13251
GEORGIA,SEMINOLE,8,662,31142,32.4,24446000,744000,303,0,11,0,13253
GEORGIA,SPALDING,1,0,596,1.7,135000,748000,81,1,25,17,13255
GEORGIA,STEPHENS,7,0,242,1.3,30549000,543000,58,0,13,15,13257
GEORGIA,STEWART,2,1850,12322,16.3,4948000,787000,49,0,6,5,13259
GEORGIA,SUMTER,6,9493,37553,23.2,76426000,2369000,607,0,86,3,13261
GEORGIA,TALBOT,2,221,0,0,-899000,319000,23,0,1,3,13263
GEORGIA,TALIAFERRO,8,94,0,0,32582000,277000,40,0,6,2,13265
GEORGIA,TATTNALL,8,1730,21480,21.6,204085000,2470000,1425,0,74,5,13267
GEORGIA,TAYLOR,8,1430,7466,9.9,17015000,1280000,437,0,28,11,13269
GEORGIA,TELFAIR,9,1590,15922,7.4,6619000,580000,157,0,31,4,13271
GEORGIA,TERRELL,3,14279,67053,48.8,13479000,1875000,330,0,17,5,13273
GEORGIA,THOMAS,4,4330,55056,18.7,33584000,2552000,451,2,38,13,13275
GEORGIA,TIFT,5,1095,15500,35.4,9251000,1376000,967,0,13,20,13277
GEORGIA,TOOMBS,7,713,14566,14.3,35832000,1247000,804,0,21,15,13279
GEORGIA,TOWNS,9,0,165,0.4,-1262000,147000,46,0,1,6,13281
GEORGIA,TREUTLEN,9,233,8483,11.1,2325000,477000,171,0,9,14,13283
GEORGIA,TROUP,4,17,620,0.7,-2189000,829000,93,1,29,19,13285
GEORGIA,TURNER,9,6750,31824,31,14300000,844000,241,2,9,3,13287
GEORGIA,TWIGGS,3,220,13253,8.7,8510000,300000,73,1,2,3,13289
GEORGIA,UNION,8,0,1663,0.3,12260000,713000,323,0,8,18,13291
GEORGIA,UPSON,6,137,1551,0.7,21378000,652000,75,2,19,11,13293
GEORGIA,WALKER,2,180,8617,1.1,72618000,1967000,272,0,12,47,13295
GEORGIA,WALTON,1,378,1799,3.6,7493000,1477000,269,2,27,31,13297
GEORGIA,WARE,5,229,4713,3.4,15449000,892000,246,1,13,7,13299
GEORGIA,WARREN,8,65,2314,2.2,1128000,300000,33,0,23,7,13301
GEORGIA,WASHINGTON,7,1139,9085,4.4,12553000,1207000,101,0,33,10,13303
GEORGIA,WAYNE,6,177,9652,4.4,19856000,928000,301,0,9,12,13305
GEORGIA,WEBSTER,8,2206,26495,30.7,11793000,604000,95,1,12,0,13307
GEORGIA,WHEELER,9,532,1543,10,-68000,557000,147,1,42,2,13309
GEORGIA,WHITE,8,0,607,0.6,39166000,1101000,257,0,19,31,13311
GEORGIA,WHITFIELD,3,287,1055,0.2,40311000,927000,155,0,31,15,13313
GEORGIA,WILCOX,9,3553,24220,15.8,50529000,994000,531,2,12,8,13315
GEORGIA,WILKES,8,412,2498,2.3,51657000,1344000,277,1,20,15,13317
GEORGIA,WILKINSON,8,318,211,0.8,1381000,319000,35,0,4,17,13319
GEORGIA,WORTH,3,4273,88788,21.7,41134000,2547000,552,1,55,12,13321
KENTUCKY,ADAIR,7,4990,19422,0.6,30700000,2094000,410,0,20,27,21001
KENTUCKY,ALLEN,3,5196,8503,3.2,13984000,2354000,502,0,18,65,21003
KENTUCKY,ANDERSON,6,0,1557,0.7,-2070000,1424000,189,0,38,60,21005
KENTUCKY,BALLARD,3,887,61393,0.4,41315000,867000,135,0,7,10,21007
KENTUCKY,BARREN,6,2599,43995,1,48611000,3395000,890,1,48,30,21009
KENTUCKY,BATH,8,56,9565,0.9,4397000,1216000,188,1,14,13,21011
KENTUCKY,BELL,7,0,53,1.3,259000,146000,31,1,3,12,21013
KENTUCKY,BOONE,1,0,4881,1.5,-5744000,2206000,378,1,37,57,21015
KENTUCKY,BOURBON,2,439,21059,3.8,96738000,4014000,1423,0,35,38,21017
KENTUCKY,BOYD,2,12,328,1.2,-1714000,389000,102,0,6,4,21019
KENTUCKY,BOYLE,7,199,19263,0.7,14438000,1715000,187,0,20,37,21021
KENTUCKY,BRACKEN,1,8,2741,3.1,497000,1130000,249,0,4,25,21023
KENTUCKY,BREATHITT,9,0,814,0.5,-62000,261000,37,1,0,9,21025
KENTUCKY,BRECKINRIDGE,8,3033,59210,0.3,41795000,2536000,492,1,15,26,21027
KENTUCKY,BULLITT,1,18,5461,0.2,2062000,845000,128,2,2,29,21029
KENTUCKY,BUTLER,3,4779,43871,0.5,21294000,1370000,246,0,12,29,21031
KENTUCKY,CALDWELL,7,4574,59681,17,18492000,1037000,264,0,19,18,21033
KENTUCKY,CALLOWAY,7,4272,78491,8,43241000,1710000,683,0,28,17,21035
KENTUCKY,CAMPBELL,1,0,1738,1,-1714000,1126000,138,1,12,37,21037
KENTUCKY,CARLISLE,3,1584,84468,6.2,49967000,948000,189,0,1,2,21039
KENTUCKY,CARROLL,6,0,2100,0,439000,471000,46,0,6,12,21041
KENTUCKY,CARTER,2,7,2610,0.8,-1065000,871000,364,2,5,33,21043
KENTUCKY,CASEY,9,220,20610,1.1,14638000,1783000,371,3,13,29,21045
KENTUCKY,CHRISTIAN,2,18103,176751,12.4,76001000,3219000,1254,0,29,43,21047
KENTUCKY,CLARK,2,68,9017,1.6,4382000,2081000,427,0,21,65,21049
KENTUCKY,CLAY,9,0,950,0.2,436000,338000,67,2,0,19,21051
KENTUCKY,CLINTON,9,253,4103,0.5,19560000,634000,165,0,1,2,21053
KENTUCKY,CRITTENDEN,8,8808,49204,0,33105000,1206000,200,0,10,11,21055
KENTUCKY,CUMBERLAND,9,0,2971,0.5,1275000,741000,133,1,6,8,21057
KENTUCKY,DAVIESS,3,1256,176710,13.9,118292000,3549000,781,0,9,37,21059
KENTUCKY,EDMONSON,3,3344,22922,0.2,10636000,1108000,217,0,8,14,21061
KENTUCKY,ELLIOTT,8,0,552,0,-176000,324000,83,0,5,21,21063
KENTUCKY,ESTILL,8,17,1649,1.4,-98000,528000,155,0,3,14,21065
KENTUCKY,FAYETTE,2,76,6031,3.2,123770000,7129000,2734,1,58,40,21067
KENTUCKY,FLEMING,9,170,12054,0.8,6691000,1810000,484,1,45,30,21069
KENTUCKY,FLOYD,7,1,292,0.1,-430000,101000,98,0,0,5,21071
KENTUCKY,FRANKLIN,4,0,4375,0.9,2373000,1094000,267,0,20,28,21073
KENTUCKY,FULTON,9,1702,70913,29.6,31438000,879000,128,1,14,2,21075
KENTUCKY,GALLATIN,1,0,2467,11.9,4592000,376000,131,0,2,9,21077
KENTUCKY,GARRARD,8,778,9009,0.4,781000,1251000,282,1,23,35,21079
KENTUCKY,GRANT,1,3,2362,0.4,-3855000,1479000,248,0,12,27,21081
KENTUCKY,GRAVES,6,9122,159642,11.3,213179000,3327000,748,0,35,24,21083
KENTUCKY,GRAYSON,6,5061,34972,0.7,19044000,2460000,431,2,21,36,21085
KENTUCKY,GREEN,8,8457,40494,0.5,25294000,1674000,466,0,10,20,21087
KENTUCKY,GREENUP,2,0,4336,0.5,-2728000,868000,150,1,8,27,21089
KENTUCKY,HANCOCK,8,984,18956,0.6,4596000,457000,125,0,8,14,21091
KENTUCKY,HARDIN,3,1327,59883,1.3,21879000,2839000,355,0,51,62,21093
KENTUCKY,HARLAN,7,0,0,0.7,-93000,62000,13,0,0,5,21095
KENTUCKY,HARRISON,6,64,11589,2.6,3188000,2300000,366,2,31,44,21097
KENTUCKY,HART,8,8834,19058,0.9,10862000,2453000,406,2,20,39,21099
KENTUCKY,HENDERSON,4,2104,135509,13.9,56058000,1563000,413,0,2,18,21101
KENTUCKY,HENRY,1,165,14273,1.4,4361000,1879000,345,1,12,61,21103
KENTUCKY,HICKMAN,8,3875,85774,22.6,93130000,917000,216,0,17,6,21105
KENTUCKY,HOPKINS,5,4172,108653,0.7,70667000,2124000,408,0,2,22,21107
KENTUCKY,JACKSON,9,0,2145,0.6,-1478000,631000,211,0,16,22,21109
KENTUCKY,JEFFERSON,1,6,2480,0.5,26000,819000,183,4,19,44,21111
KENTUCKY,JESSAMINE,2,13,6436,0.3,34440000,1675000,588,0,17,45,21113
KENTUCKY,JOHNSON,7,0,21,0.7,-557000,244000,60,0,13,13,21115
KENTUCKY,KENTON,1,8,1199,0.4,-2447000,1149000,164,0,4,27,21117
KENTUCKY,KNOTT,9,0,9,0,-196000,84000,11,0,0,8,21119
KENTUCKY,KNOX,7,0,722,0.3,-1729000,399000,153,1,5,15,21121
KENTUCKY,LARUE,3,801,53694,0.4,17274000,1369000,211,0,30,36,21123
KENTUCKY,LAUREL,5,0,1897,0.8,-2847000,1290000,306,1,21,52,21125
KENTUCKY,LAWRENCE,2,0,233,1,-572000,550000,79,0,0,23,21127
KENTUCKY,LEE,9,0,489,0.6,-1115000,179000,32,2,2,13,21129
KENTUCKY,LESLIE,9,0,1374,4.4,-258000,85000,0,0,6,0,21131
KENTUCKY,LETCHER,9,0,10,0.4,-203000,87000,0,1,2,18,21133
KENTUCKY,LEWIS,8,0,11158,0.1,4001000,1112000,177,0,5,7,21135
KENTUCKY,LINCOLN,9,77,24157,0.8,20664000,2002000,505,5,23,31,21137
KENTUCKY,LIVINGSTON,3,3651,50970,0,17013000,930000,142,1,2,8,21139
KENTUCKY,LOGAN,6,15062,140087,12,71782000,3151000,630,0,27,22,21141
KENTUCKY,LYON,8,422,7818,0.6,3210000,230000,134,0,3,3,21143
KENTUCKY,MCCRACKEN,3,355,32860,0.5,9196000,758000,208,0,14,24,21145
KENTUCKY,MCCREARY,9,0,378,0.1,-442000,214000,32,2,5,5,21147
KENTUCKY,MCLEAN,3,1556,62260,0,127799000,1950000,276,0,4,7,21149
KENTUCKY,MADISON,4,12,5445,1.3,-1806000,2773000,1089,2,42,60,21151
KENTUCKY,MAGOFFIN,9,2,738,1.2,-1570000,411000,122,0,4,10,21153
KENTUCKY,MARION,6,575,47123,0.7,22064000,1791000,475,0,39,17,21155
KENTUCKY,MARSHALL,8,2875,29678,0.4,16157000,1375000,274,0,2,27,21157
KENTUCKY,MARTIN,8,0,0,0,-110000,26000,0,0,0,7,21159
KENTUCKY,MASON,6,0,18290,1.8,7304000,1009000,338,1,18,22,21161
KENTUCKY,MEADE,1,358,44930,0.2,6555000,1725000,295,0,43,30,21163
KENTUCKY,MENIFEE,9,0,775,0.5,307000,201000,62,2,4,9,21165
KENTUCKY,MERCER,6,38,24778,1.4,10439000,2372000,420,1,22,50,21167
KENTUCKY,METCALFE,9,3476,18599,0.7,11285000,1370000,470,0,24,23,21169
KENTUCKY,MONROE,8,152,14550,2.3,36007000,1682000,481,1,11,16,21171
KENTUCKY,MONTGOMERY,6,35,3823,0.8,2070000,860000,320,0,6,16,21173
KENTUCKY,MORGAN,9,0,672,0.3,-286000,733000,229,3,13,11,21175
KENTUCKY,MUHLENBERG,6,4040,30911,1,46392000,2318000,536,0,40,16,21177
KENTUCKY,NELSON,1,243,51799,0.6,19122000,3291000,432,0,31,47,21179
KENTUCKY,NICHOLAS,8,310,5947,2.1,4366000,1025000,258,0,7,9,21181
KENTUCKY,OHIO,6,682,45843,1.3,64551000,1386000,283,1,15,18,21183
KENTUCKY,OLDHAM,1,44,8265,3.8,2816000,2168000,480,2,14,48,21185
KENTUCKY,OWEN,8,0,6246,1,2295000,1648000,356,1,10,25,21187
KENTUCKY,OWSLEY,9,0,220,2.1,-144000,167000,36,1,2,6,21189
KENTUCKY,PENDLETON,1,4,3721,0.9,-2035000,1772000,326,1,24,31,21191
KENTUCKY,PERRY,7,0,0,0.2,-69000,151000,51,0,0,7,21193
KENTUCKY,PIKE,7,0,1526,0.1,-507000,92000,15,2,2,7,21195
KENTUCKY,POWELL,8,0,4696,0.2,1567000,271000,82,0,3,5,21197
KENTUCKY,PULASKI,5,500,36749,1.7,9416000,2735000,463,4,15,61,21199
KENTUCKY,ROBERTSON,8,10,480,0,338000,282000,33,0,3,2,21201
KENTUCKY,ROCKCASTLE,9,0,5567,0.5,21000,760000,207,0,6,22,21203
KENTUCKY,ROWAN,6,0,734,1,-672000,376000,113,2,7,12,21205
KENTUCKY,RUSSELL,9,709,23500,0.3,15059000,906000,292,0,7,12,21207
KENTUCKY,SCOTT,2,0,8569,3.6,20259000,2857000,818,0,48,32,21209
KENTUCKY,SHELBY,1,391,57286,6.5,14533000,4080000,766,1,69,75,21211
KENTUCKY,SIMPSON,6,1940,77916,2.5,32612000,1471000,388,0,15,31,21213
KENTUCKY,SPENCER,1,0,10900,1.4,1163000,1262000,154,0,13,35,21215
KENTUCKY,TAYLOR,7,2202,21032,0.6,17357000,1600000,288,1,30,15,21217
KENTUCKY,TODD,8,5308,105978,7.4,79631000,2040000,687,0,17,22,21219
KENTUCKY,TRIGG,2,4959,38105,12.1,17190000,829000,294,0,24,30,21221
KENTUCKY,TRIMBLE,8,33,5976,0.3,-145000,777000,105,0,5,20,21223
KENTUCKY,UNION,8,3250,146812,14.8,65280000,1604000,326,0,8,6,21225
KENTUCKY,WARREN,3,12104,79915,1.7,48122000,3829000,836,2,42,75,21227
KENTUCKY,WASHINGTON,8,242,17581,0.6,4980000,2015000,458,1,13,25,21229
KENTUCKY,WAYNE,7,131,16277,0.6,25286000,1121000,288,3,22,33,21231
KENTUCKY,WEBSTER,9,10848,95243,5.3,110925000,1383000,319,0,35,8,21233
KENTUCKY,WHITLEY,7,0,1543,0.6,-1374000,662000,182,1,4,25,21235
KENTUCKY,WOLFE,9,0,641,0.8,-755000,303000,83,1,3,16,21237
KENTUCKY,WOODFORD,2,61,9610,1.4,78379000,4264000,1861,0,58,40,21239
LOUISIANA,ACADIA,2,0,118796,52,48110000,1598000,1047,0,63,30,22001
LOUISIANA,ALLEN,6,71,12021,10,7870000,730000,224,0,96,16,22003
LOUISIANA,ASCENSION,2,0,4101,0,6907000,470000,192,0,24,22,22005
LOUISIANA,ASSUMPTION,2,0,4008,0,29424000,399000,355,0,8,0,22007
LOUISIANA,AVOYELLES,6,12452,73303,17,36465000,1450000,672,0,88,52,22009
LOUISIANA,BEAUREGARD,6,1638,7190,2,-5086000,1271000,244,3,81,55,22011
LOUISIANA,BIENVILLE,8,0,270,0,13899000,171000,72,0,32,16,22013
LOUISIANA,BOSSIER,2,0,10612,1,-4697000,1004000,176,0,90,20,22015
LOUISIANA,CADDO,2,212,38041,12,3905000,1169000,262,1,165,41,22017
LOUISIANA,CALCASIEU,2,0,3776,6,-6420000,1964000,281,1,145,22,22019
LOUISIANA,CALDWELL,8,6528,4584,3,-1635000,558000,144,0,15,0,22021
LOUISIANA,CAMERON,2,0,2658,1,-1734000,626000,104,0,2,8,22023
LOUISIANA,CATAHOULA,9,24045,146280,32,25114000,1410000,489,0,16,11,22025
LOUISIANA,CLAIBORNE,9,0,131,0,59605000,512000,252,1,57,11,22027
LOUISIANA,CONCORDIA,6,34600,96844,36,30994000,1798000,300,1,76,0,22029
LOUISIANA,DE SOTO,2,186,2381,1,-15685000,1130000,455,0,192,24,22031
LOUISIANA,EAST BATON ROUGE,2,0,1494,2,-729000,1410000,224,1,156,53,22033
LOUISIANA,EAST CARROLL,8,10625,81870,82,41855000,819000,324,0,30,3,22035
LOUISIANA,EAST FELICIANA,2,1242,7860,0,-1449000,1147000,160,1,85,23,22037
LOUISIANA,EVANGELINE,6,2401,31710,23,16134000,1105000,433,0,87,16,22039
LOUISIANA,FRANKLIN,6,25710,134603,40,38155000,1925000,1127,0,145,7,22041
LOUISIANA,GRANT,3,1095,6147,2,2261000,437000,127,2,32,19,22043
LOUISIANA,IBERIA,4,0,37187,1,37139000,1273000,615,1,82,27,22045
LOUISIANA,IBERVILLE,2,71,25171,0,29720000,519000,444,0,43,6,22047
LOUISIANA,JACKSON,6,0,0,0,32909000,264000,50,1,11,12,22049
LOUISIANA,JEFFERSON,1,0,0,0,-713000,28000,19,1,0,1,22051
LOUISIANA,JEFFERSON DAVIS,2,190,66486,53,32752000,1391000,580,0,45,34,22053
LOUISIANA,LAFAYETTE,2,0,10388,4,4602000,865000,360,4,39,43,22055
LOUISIANA,LAFOURCHE,3,0,4538,0,19879000,730000,194,0,16,43,22057
LOUISIANA,LASALLE,8,291,0,0,0,0,0,0,0,0,22059
LOUISIANA,LINCOLN,4,0,312,1,76432000,743000,239,1,30,25,22061
LOUISIANA,LIVINGSTON,2,0,798,0,1137000,659000,221,0,24,52,22063
LOUISIANA,MADISON,6,20634,102553,42,20503000,2047000,286,0,12,0,22065
LOUISIANA,MOREHOUSE,3,9899,126352,39,52452000,915000,480,1,74,2,22067
LOUISIANA,NATCHITOCHES,6,9382,11113,0,25957000,1250000,280,0,139,20,22069
LOUISIANA,ORLEANS,1,0,0,5,-411000,96000,54,7,17,11,22071
LOUISIANA,OUACHITA,3,2707,25105,12,14796000,1356000,255,2,73,33,22073
LOUISIANA,PLAQUEMINES,1,0,82,0,3295000,169000,114,0,6,24,22075
LOUISIANA,POINTE COUPEE,2,0,77242,14,44270000,1310000,733,0,73,9,22077
LOUISIANA,RAPIDES,3,3693,39280,10,45834000,1520000,1543,3,158,17,22079
LOUISIANA,RED RIVER,8,3727,14455,8,3893000,643000,204,0,22,6,22081
LOUISIANA,RICHLAND,3,21318,92219,41,30208000,1186000,415,0,124,3,22083
LOUISIANA,SABINE,8,20,954,0,82254000,787000,226,0,92,6,22085
FLORIDA,MIAMI-DADE,1,0,2400,4.2,263033000,17776000,13523,0,383,369,12086
DELEWARE,NEW CASTLE,1,239,0,0,0,0,0,0,0,0,10003
MARYLAND,PRINCE GEORGE'S,1,137,0,0,0,0,0,0,0,0,24033
MARYLAND,QUEEN ANNE'S,1,6113,0,0,0,0,0,0,0,0,24035
LOUISIANA,SAINT BERNARD,1,0,30,0,1355000,146000,32,0,18,24,22087
LOUISIANA,SAINT CHARLES,1,0,0,0,2121000,66000,38,0,3,4,22089
LOUISIANA,SAINT HELENA,2,256,369,1,6584000,544000,192,0,103,19,22091
LOUISIANA,SAINT JAMES,1,0,5322,0,19787000,263000,164,0,19,10,22093
LOUISIANA,SAINT JOHN THE BAPTIST,1,0,0,0,0,0,0,0,0,0,22095
LOUISIANA,TANGIPAHOA,3,78,5426,1,2594000,1323000,728,4,99,69,22105
LOUISIANA,TENSAS,9,22805,144139,44,35319000,875000,255,2,74,0,22107
LOUISIANA,TERREBONNE,3,0,70,0,4269000,346000,66,1,31,10,22109
LOUISIANA,UNION,3,0,450,0,112745000,839000,171,2,52,17,22111
LOUISIANA,VERMILION,2,0,93080,0,64575000,2400000,1029,2,64,38,22113
LOUISIANA,VERNON,4,114,504,25,17785000,952000,78,0,53,18,22115
LOUISIANA,WASHINGTON,6,323,8843,1,14836000,1149000,462,1,164,50,22117
LOUISIANA,WEBSTER,6,0,171,0,470000,349000,118,0,79,16,22119
LOUISIANA,WEST BATON ROUGE,2,5,6508,0,13559000,446000,242,0,47,9,22121
LOUISIANA,WEST CARROLL,8,34639,33893,28,18896000,1691000,241,1,44,7,22123
LOUISIANA,WEST FELICIANA,2,880,19,0,897000,335000,63,1,37,5,22125
LOUISIANA,WINN,8,429,374,1,7956000,262000,67,0,5,4,22127
MARYLAND,ALLEGANY,4,619,1599,1,-61000,751000,122,2,0,22,24001
MARYLAND,ANNE ARUNDEL,1,0,14003,0.8,2249000,2568000,422,3,40,82,24003
MARYLAND,BALTIMORE,1,449,33425,0.9,6822000,4899000,1393,6,64,115,24005
MARYLAND,CALVERT,3,75,10897,0.3,3001000,1077000,173,5,39,54,24009
MARYLAND,CAROLINE,6,1779,80882,34.9,107464000,3260000,766,5,30,23,24011
MARYLAND,CARROLL,1,5398,63580,2.7,40736000,6097000,955,9,36,117,24013
MARYLAND,CECIL,1,1470,36719,4.6,45593000,3613000,1321,2,20,45,24015
MARYLAND,CHARLES,1,428,16916,1.3,3595000,1750000,182,3,33,25,24017
MARYLAND,DORCHESTER,6,4228,83347,22.9,120228000,2300000,422,2,38,9,24019
MARYLAND,FREDERICK,1,3118,92218,1.8,42632000,7830000,1341,6,68,175,24021
MARYLAND,GARRETT,8,557,14864,0.6,7352000,1895000,247,3,9,42,24023
MARYLAND,HARFORD,1,665,25926,0.8,14819000,2510000,723,2,24,95,24025
MARYLAND,HOWARD,1,305,12311,2,483000,2860000,732,2,58,48,24027
MARYLAND,KENT,6,4172,95075,23.9,57654000,2852000,716,0,5,24,24029
MARYLAND,MONTGOMERY,1,546,36065,2.2,10691000,3744000,1289,10,87,111,24031
LOUISIANA,SAINT LANDRY,4,3693,75411,18,33267000,1848000,678,0,375,36,22097
LOUISIANA,SAINT MARTIN,2,45,34320,3,39101000,638000,347,0,27,36,22099
LOUISIANA,SAINT MARY,4,0,22930,0,30483000,132000,317,0,6,7,22101
MARYLAND,SOMERSET,3,2068,35682,2.3,80674000,1321000,259,2,58,8,24039
MARYLAND,TALBOT,6,3313,71909,12.9,37264000,1913000,282,1,26,12,24041
MARYLAND,WASHINGTON,2,1972,51997,2.4,52987000,3562000,795,3,28,71,24043
MARYLAND,WICOMICO,3,3006,37878,16.3,113607000,1828000,696,1,75,10,24045
MARYLAND,WORCESTER,4,3970,63569,11.7,96226000,1754000,324,3,74,14,24047
MARYLAND,BALTIMORE CITY,1,0,0,0,0,0,0,6,0,0,24510
MISSISSIPPI,ADAMS,7,1368,9906,0,-180000,382000,65,1,133,2,28001
MISSISSIPPI,ALCORN,7,3829,15715,1,4677000,857000,120,0,7,4,28003
MISSISSIPPI,AMITE,8,4570,981,0.1,26029000,815000,204,0,150,17,28005
MISSISSIPPI,ATTALA,6,10535,6181,0.6,8442000,1040000,108,0,76,11,28007
MISSISSIPPI,BENTON,1,3050,20875,0,-481000,945000,102,1,46,4,28009
MISSISSIPPI,BOLIVAR,7,9910,140358,69.3,118345000,3150000,815,0,161,8,28011
MISSISSIPPI,CALHOUN,9,14526,62552,3.5,22152000,1585000,856,0,68,4,28013
MISSISSIPPI,CARROLL,8,11843,27411,7.4,8490000,1387000,182,2,135,18,28015
MISSISSIPPI,CHICKASAW,9,18562,29256,5.6,31700000,1634000,387,0,91,15,28017
MISSISSIPPI,CHOCTAW,9,4469,195,0,-595000,0,45,0,19,5,28019
MISSISSIPPI,CLAIBORNE,8,5197,6566,1.4,-2630000,410000,136,0,125,4,28021
MISSISSIPPI,CLARKE,9,358,11255,1.3,36233000,679000,166,2,54,5,28023
MISSISSIPPI,CLAY,7,8576,7976,0.6,13178000,1052000,232,2,139,3,28025
MISSISSIPPI,COAHOMA,6,10032,161882,60.2,48859000,0,516,0,55,3,28027
MISSISSIPPI,COPIAH,2,3507,1560,0.4,34775000,1201000,218,2,93,19,28029
MISSISSIPPI,COVINGTON,8,578,3314,0.3,94952000,1076000,304,1,142,12,28031
LOUISIANA,SAINT TAMMANY,2,0,727,1,-7925000,2351000,515,0,90,93,22103
MISSISSIPPI,FORREST,3,57,2837,0.7,2901000,581000,209,1,50,38,28035
MISSISSIPPI,FRANKLIN,9,811,2803,0.1,-106000,506000,69,0,44,13,28037
MISSISSIPPI,GEORGE,8,105,7069,1,-749000,965000,209,1,30,22,28039
MISSISSIPPI,GREENE,8,71,649,0.6,43271000,1008000,253,1,44,17,28041
MISSISSIPPI,GRENADA,7,6705,3159,7.6,-2531000,902000,114,1,27,14,28043
MISSISSIPPI,HANCOCK,2,0,903,0.1,394000,414000,138,0,12,20,28045
MISSISSIPPI,HARRISON,2,0,575,0.2,-3204000,510000,81,2,41,18,28047
MISSISSIPPI,HINDS,2,13700,17821,1.2,9271000,2317000,508,4,478,34,28049
MISSISSIPPI,HOLMES,2,17515,60561,26,24353000,2028000,386,1,233,3,28051
MISSISSIPPI,HUMPHREYS,8,11758,63162,60,26939000,1705000,476,1,71,0,28053
MISSISSIPPI,ISSAQUENA,9,5697,32338,28.1,19568000,807000,154,0,11,0,28055
MISSISSIPPI,ITAWAMBA,9,4883,16841,0.2,616000,743000,90,0,5,7,28057
MISSISSIPPI,JACKSON,2,0,447,0.9,-505000,752000,96,1,41,34,28059
MISSISSIPPI,JASPER,8,380,359,0,105157000,935000,168,0,112,0,28061
MISSISSIPPI,JEFFERSON,9,1067,9619,0,14682000,479000,132,0,118,2,28063
MISSISSIPPI,JEFFERSON DAVIS,8,482,758,0.3,35855000,697000,211,0,135,5,28065
MISSISSIPPI,JONES,4,1064,2358,3.3,145265000,1633000,292,0,97,13,28067
MISSISSIPPI,KEMPER,9,2924,414,0.4,9174000,1039000,206,0,216,2,28069
MISSISSIPPI,LAFAYETTE,4,4980,8191,0.9,-843000,3544000,158,0,50,22,28071
MISSISSIPPI,LAMAR,3,656,925,0.7,12219000,1064000,168,0,9,10,28073
MISSISSIPPI,LAUDERDALE,5,737,707,0.5,1448000,771000,102,1,45,21,28075
MISSISSIPPI,LAWRENCE,8,775,7420,0,81297000,768000,176,0,127,7,28077
MISSISSIPPI,LEAKE,8,2008,208,0.4,189490000,1378000,301,0,125,5,28079
MISSISSIPPI,LEE,5,2479,29399,0.3,2223000,678000,222,0,16,4,28081
MISSISSIPPI,LEFLORE,6,18087,114387,63.3,72190000,0,647,1,31,4,28083
MISSISSIPPI,LINCOLN,6,1117,1650,0.2,50082000,1023000,228,0,77,30,28085
MISSISSIPPI,LOWNDES,5,4962,31747,5.1,15595000,778000,157,0,142,19,28087
MISSISSIPPI,MADISON,2,15233,39941,2,1725000,2054000,294,0,203,17,28089
MISSISSIPPI,MARION,6,1689,1476,0,59803000,745000,255,0,59,15,28091
MISSISSIPPI,MARSHALL,1,6793,23236,1.3,912000,1667000,181,2,175,12,28093
MISSISSIPPI,MONROE,7,11304,33012,1.9,6358000,1011000,284,0,120,15,28095
MISSISSIPPI,MONTGOMERY,9,4776,15788,0.2,3803000,845000,209,0,70,14,28097
MISSISSIPPI,NESHOBA,7,1297,162,0.7,122684000,1431000,241,0,47,17,28099
MISSISSIPPI,NEWTON,8,2324,7340,3.1,87726000,1099000,442,0,76,25,28101
MISSISSIPPI,NOXUBEE,9,14446,72576,19.7,63868000,1837000,417,0,152,16,28103
MISSISSIPPI,OKTIBBEHA,5,9553,1512,3.4,5676000,1054000,180,0,103,17,28105
MISSISSIPPI,PANOLA,6,33799,38517,13,4187000,1576000,337,0,173,7,28107
MISSISSIPPI,PEARL RIVER,6,2240,4534,0.5,2128000,1405000,327,1,55,55,28109
MISSISSIPPI,PERRY,3,279,3215,1.4,3307000,686000,135,0,26,14,28111
MISSISSIPPI,PIKE,6,1264,2448,0.4,18020000,1015000,254,4,204,32,28113
MISSISSIPPI,PONTOTOC,9,12982,41696,0.8,-6039000,1831000,200,0,37,24,28115
MISSISSIPPI,PRENTISS,7,5764,39774,0.2,5103000,1036000,224,0,33,16,28117
MISSISSIPPI,QUITMAN,8,28844,62724,41.6,25299000,0,219,0,68,12,28119
MISSISSIPPI,RANKIN,2,4133,14444,0.6,81124000,1268000,384,1,139,11,28121
MISSISSIPPI,SCOTT,2,1877,4195,0.3,134356000,1851000,449,1,159,7,28123
MISSISSIPPI,SHARKEY,8,13249,53472,52,31897000,1150000,294,0,21,0,28125
MISSISSIPPI,SIMPSON,2,1888,1198,0.1,106751000,1440000,360,0,119,3,28127
MISSISSIPPI,SMITH,8,639,3271,0.4,138219000,1194000,201,0,65,8,28129
MISSISSIPPI,STONE,2,108,180,0.4,245000,587000,178,1,26,8,28131
MISSISSIPPI,SUNFLOWER,7,7201,166996,73.4,87203000,3520000,890,0,45,2,28133
MISSISSIPPI,TALLAHATCHIE,9,21889,94152,44,49760000,2821000,500,0,132,8,28135
MISSISSIPPI,TATE,1,6366,23864,2.6,4244000,1506000,310,0,82,22,28137
MISSISSIPPI,TIPPAH,8,3856,11185,0.8,2240000,1012000,327,0,47,3,28139
MISSISSIPPI,TISHOMINGO,8,2117,1549,0,14000,365000,65,0,7,1,28141
MISSISSIPPI,TUNICA,1,4222,120954,64.8,30542000,0,344,1,24,1,28143
MISSISSIPPI,UNION,7,7249,33510,0.7,3367000,1048000,170,0,25,20,28145
MISSISSIPPI,WALTHALL,9,4742,2682,0.4,51279000,963000,229,1,116,17,28147
MISSISSIPPI,WARREN,4,7733,23259,7.5,12935000,891000,106,0,51,9,28149
MISSISSIPPI,WASHINGTON,5,5357,175493,76.6,75752000,0,845,0,90,15,28151
MISSISSIPPI,WAYNE,9,387,2999,0.8,142905000,1199000,273,0,41,5,28153
MISSISSIPPI,WEBSTER,9,6486,13165,1.9,4833000,413000,206,0,23,3,28155
MISSISSIPPI,WILKINSON,8,1477,2613,1.1,-387000,844000,67,0,54,0,28157
MISSISSIPPI,WINSTON,9,2957,1575,0.2,36078000,989000,207,0,165,15,28159
MISSISSIPPI,YALOBUSHA,9,5156,21008,4.5,3128000,823000,134,0,87,6,28161
MISSISSIPPI,YAZOO,2,37298,77853,17.2,35311000,2390000,489,1,67,16,28163
NORTH CAROLINA,ALAMANCE,3,76,7362,1.5,3061000,1640000,450,1,79,70,37001
NORTH CAROLINA,ALEXANDER,2,0,6464,2.5,120096000,1928000,316,3,16,28,37003
NORTH CAROLINA,ALLEGHANY,9,0,6100,5.1,927000,1307000,817,0,21,20,37005
NORTH CAROLINA,ANSON,1,2658,19418,0.4,221868000,2306000,204,1,89,26,37007
NORTH CAROLINA,ASHE,9,0,2660,2.5,16256000,2361000,1301,1,44,59,37009
NORTH CAROLINA,AVERY,9,0,423,2.4,11632000,712000,1230,1,1,18,37011
NORTH CAROLINA,BEAUFORT,6,422,66024,2.2,47793000,1135000,582,2,13,30,37013
NORTH CAROLINA,BERTIE,9,312,77047,8.6,156259000,2346000,505,2,72,2,37015
NORTH CAROLINA,BLADEN,8,628,24419,12.5,250550000,4147000,1075,2,112,38,37017
NORTH CAROLINA,BRUNSWICK,2,31,14201,0.6,10293000,865000,243,2,20,46,37019
NORTH CAROLINA,BUNCOMBE,2,2,3966,3,-1490000,3254000,785,3,41,136,37021
NORTH CAROLINA,BURKE,2,9,3366,1.5,31414000,1185000,517,0,16,33,37023
NORTH CAROLINA,CABARRUS,1,97,20877,3.2,12229000,1716000,356,1,26,63,37025
NORTH CAROLINA,CALDWELL,2,0,3723,2.1,18231000,891000,238,0,7,50,37027
NORTH CAROLINA,CAMDEN,1,8,17700,0,19185000,522000,218,0,8,2,37029
NORTH CAROLINA,CARTERET,4,54,35122,0.7,0,432000,289,0,15,16,37031
NORTH CAROLINA,CASWELL,8,388,7174,4.1,6281000,1237000,383,0,60,24,37033
NORTH CAROLINA,CATAWBA,2,53,11857,2.2,30447000,1420000,388,0,32,49,37035
NORTH CAROLINA,CHATHAM,2,269,11023,1.2,93398000,4080000,664,0,108,106,37037
NORTH CAROLINA,CHEROKEE,9,19,313,0.3,1930000,456000,115,4,32,14,37039
NORTH CAROLINA,CHOWAN,8,63,40836,33.2,18685000,1228000,300,0,13,5,37041
NORTH CAROLINA,CLAY,9,39,1618,0.5,196000,279000,37,0,4,8,37043
NORTH CAROLINA,CLEVELAND,4,888,23027,1.2,84431000,2370000,411,1,24,66,37045
NORTH CAROLINA,COLUMBUS,6,1266,57300,2.6,93063000,1410000,543,4,74,34,37047
NORTH CAROLINA,CRAVEN,4,339,30273,0.3,32036000,1094000,268,1,22,40,37049
NORTH CAROLINA,CUMBERLAND,2,323,25486,3.1,61770000,1448000,367,3,55,39,37051
NORTH CAROLINA,CURRITUCK,1,0,20042,0.2,11963000,348000,79,0,7,17,37053
NORTH CAROLINA,DARE,4,0,4,0,308000,9000,45,0,2,4,37055
NORTH CAROLINA,DAVIDSON,2,207,15609,1.2,16871000,2051000,420,2,23,69,37057
NORTH CAROLINA,DAVIE,2,40,25004,1.1,3306000,1525000,263,0,40,28,37059
NORTH CAROLINA,DUPLIN,8,557,96533,10.9,761293000,6291000,1864,2,138,21,37061
NORTH CAROLINA,DURHAM,2,0,1247,1.3,197000,707000,286,1,55,64,37063
NORTH CAROLINA,EDGECOMBE,3,762,78338,9.5,92775000,1953000,1082,5,32,18,37065
NORTH CAROLINA,FORSYTH,2,0,8108,0.8,1936000,1071000,262,2,32,66,37067
NORTH CAROLINA,FRANKLIN,1,1203,21399,6.6,10785000,1601000,526,0,80,41,37069
NORTH CAROLINA,GASTON,1,90,6658,1.1,4438000,1080000,295,1,20,47,37071
NORTH CAROLINA,GATES,1,19,35459,14,48292000,904000,137,0,13,7,37073
NORTH CAROLINA,GRAHAM,9,0,73,0.2,0,93000,19,0,12,14,37075
NORTH CAROLINA,GRANVILLE,6,814,7673,4.4,6023000,1813000,486,4,40,42,37077
NORTH CAROLINA,GREENE,8,0,44816,12.3,126993000,1712000,585,2,11,15,37079
NORTH CAROLINA,GUILFORD,2,62,16663,1.6,13538000,2409000,820,4,45,81,37081
NORTH CAROLINA,HALIFAX,4,1905,112734,5.4,35874000,1798000,630,6,47,4,37083
NORTH CAROLINA,HARNETT,4,888,48335,4.5,68025000,2222000,1336,2,64,60,37085
NORTH CAROLINA,HAYWOOD,4,4,1595,0.6,3638000,1241000,358,1,11,49,37087
NORTH CAROLINA,HENDERSON,2,14,4627,3.1,24975000,1595000,1788,1,35,116,37089
NORTH CAROLINA,HERTFORD,8,112,29719,6.4,24982000,1123000,272,0,20,1,37091
NORTH CAROLINA,HOKE,2,518,12833,1.1,63384000,1052000,111,0,55,7,37093
NORTH CAROLINA,HYDE,9,615,47203,0,45266000,1033000,434,0,27,1,37095
NORTH CAROLINA,IREDELL,1,68,40217,1.8,46444000,2454000,637,2,37,70,37097
NORTH CAROLINA,JACKSON,7,0,363,0.4,3427000,776000,561,1,43,24,37099
NORTH CAROLINA,JOHNSTON,1,1001,61116,4.9,81914000,3482000,1814,2,61,66,37101
NORTH CAROLINA,JONES,8,225,34282,1.5,104196000,908000,390,0,13,5,37103
NORTH CAROLINA,LEE,4,0,8653,8.5,22101000,697000,206,2,12,37,37105
NORTH CAROLINA,LENOIR,4,219,53360,9.5,139812000,2567000,851,1,18,15,37107
NORTH CAROLINA,LINCOLN,1,400,13294,1.1,32124000,1486000,291,1,17,34,37109
NORTH CAROLINA,MCDOWELL,6,0,391,0.8,3595000,396000,305,1,30,45,37111
NORTH CAROLINA,MACON,7,14,542,0.5,-994000,496000,131,1,10,46,37113
NORTH CAROLINA,MADISON,2,2,386,1.2,-3637000,1127000,266,0,11,80,37115
NORTH CAROLINA,MARTIN,6,1150,78691,0.3,21830000,1679000,489,2,35,0,37117
NORTH CAROLINA,MECKLENBURG,1,0,749,0.4,19812000,1183000,450,6,17,37,37119
NORTH CAROLINA,MITCHELL,8,0,186,1,-548000,406000,167,0,13,15,37121
NORTH CAROLINA,MONTGOMERY,8,50,6450,0.7,84947000,1094000,540,2,38,16,37123
NORTH CAROLINA,MOORE,3,420,9669,5.4,87399000,2660000,630,1,77,70,37125
NORTH CAROLINA,NASH,3,402,52333,11.6,43769000,2062000,1034,2,43,33,37127
NORTH CAROLINA,NEW HANOVER,2,0,166,0.1,651000,227000,43,1,4,21,37129
NORTH CAROLINA,NORTHAMPTON,9,396,110804,9.1,48984000,1754000,364,1,118,8,37131
NORTH CAROLINA,ONSLOW,3,146,14514,1,111628000,1358000,589,2,21,51,37133
NORTH CAROLINA,ORANGE,2,28,5219,3.1,2511000,2266000,597,2,95,140,37135
NORTH CAROLINA,PAMLICO,9,33,25598,6.3,5155000,356000,254,0,2,8,37137
NORTH CAROLINA,PASQUOTANK,4,0,44305,0,16177000,888000,253,2,11,5,37139
NORTH CAROLINA,PENDER,2,296,30316,3.4,89722000,1448000,812,1,45,27,37141
NORTH CAROLINA,PERQUIMANS,8,41,56001,0,32101000,719000,172,2,12,4,37143
NORTH CAROLINA,PERSON,2,36,25476,7.4,7951000,1532000,596,1,46,52,37145
NORTH CAROLINA,PITT,3,110,87023,7.1,124566000,2126000,1053,1,31,27,37147
NORTH CAROLINA,POLK,8,77,177,0,-2245000,848000,217,0,19,12,37149
NORTH CAROLINA,RANDOLPH,2,238,25344,1.3,153299000,3590000,869,3,42,66,37151
NORTH CAROLINA,RICHMOND,4,286,6680,1.3,149499000,1006000,270,0,39,9,37153
NORTH CAROLINA,ROBESON,4,1235,150212,16.4,245856000,3609000,1064,3,561,36,37155
NORTH CAROLINA,ROCKINGHAM,2,594,11552,4.1,4341000,1651000,463,3,68,71,37157
NORTH CAROLINA,ROWAN,1,87,38217,2.2,21623000,2438000,785,3,35,55,37159
NORTH CAROLINA,RUTHERFORD,4,157,3065,0.8,34340000,1622000,237,0,31,52,37161
NORTH CAROLINA,SAMPSON,6,550,98513,11.8,747914000,8274000,3366,1,123,34,37163
NORTH CAROLINA,SCOTLAND,6,386,20435,1.6,73524000,1025000,206,0,51,1,37165
NORTH CAROLINA,STANLY,6,1408,38643,0.7,28926000,1811000,393,1,20,34,37167
NORTH CAROLINA,STOKES,2,13,5904,2.3,12846000,1493000,284,2,11,45,37169
NORTH CAROLINA,SURRY,6,102,25278,2,120873000,2459000,699,1,41,83,37171
NORTH CAROLINA,SWAIN,9,0,110,0.1,142000,83000,15,1,14,10,37173
NORTH CAROLINA,TRANSYLVANIA,6,0,674,0.4,1385000,346000,152,0,8,13,37175
NORTH CAROLINA,TYRRELL,9,281,40505,0.4,18281000,441000,124,0,2,2,37177
NORTH CAROLINA,UNION,1,200,85711,0.7,250272000,4468000,993,1,26,71,37179
NORTH CAROLINA,VANCE,6,233,7403,5.9,4221000,523000,173,2,41,24,37181
NORTH CAROLINA,WAKE,1,178,16144,3.8,7253000,2006000,1050,5,124,97,37183
NORTH CAROLINA,WARREN,8,297,16193,2.2,12068000,916000,229,6,75,20,37185
NORTH CAROLINA,WASHINGTON,9,275,36704,6.9,23347000,732000,199,0,32,9,37187
NORTH CAROLINA,WATAUGA,5,0,224,0.4,818000,788000,754,0,24,53,37189
NORTH CAROLINA,WAYNE,3,225,62023,5.6,253787000,3498000,2378,1,35,32,37191
NORTH CAROLINA,WILKES,6,16,12154,0.7,178784000,3157000,558,2,25,42,37193
NORTH CAROLINA,WILSON,4,106,65422,12,55774000,1749000,1050,0,0,14,37195
NORTH CAROLINA,YADKIN,2,167,41359,6.7,62545000,2025000,560,0,14,43,37197
NORTH CAROLINA,YANCEY,8,0,1990,0.5,-351000,402000,253,0,21,24,37199
OKLAHOMA,ADAIR,8,269,2653,1.3,0,2316000,562,1,574,16,40001
OKLAHOMA,ALFALFA,8,2916,144030,5.6,0,1760000,389,0,20,5,40003
OKLAHOMA,ATOKA,9,0,3469,24,0,2156000,417,0,219,21,40005
OKLAHOMA,BEAVER,9,87139,130157,31.3,0,3251000,377,0,40,10,40007
OKLAHOMA,BECKHAM,7,8364,42094,15.3,0,1908000,436,0,110,16,40009
OKLAHOMA,BLAINE,8,1686,72502,6.8,0,2849000,416,2,65,10,40011
OKLAHOMA,BRYAN,6,406,17137,3.7,0,3215000,611,0,345,45,40013
OKLAHOMA,CADDO,6,1266,101093,18.9,0,3323000,870,0,200,20,40015
OKLAHOMA,CANADIAN,1,163,52738,8.7,0,3342000,621,1,113,88,40017
OKLAHOMA,CARTER,5,0,7087,9.1,0,2589000,369,1,266,57,40019
OKLAHOMA,CHEROKEE,6,120,2592,0.6,0,2077000,1525,4,709,52,40021
OKLAHOMA,CHOCTAW,9,0,4955,2.8,0,1546000,397,0,327,15,40023
OKLAHOMA,CIMARRON,9,154524,211351,26.1,0,2206000,409,1,11,3,40025
OKLAHOMA,CLEVELAND,1,0,4999,5.5,0,2252000,314,1,181,92,40027
OKLAHOMA,COAL,9,0,3820,2.8,0,1310000,184,0,191,10,40029
OKLAHOMA,COMANCHE,3,451,36787,1,0,2001000,335,0,122,30,40031
OKLAHOMA,COTTON,3,532,60605,0,0,1279000,227,1,43,10,40033
OKLAHOMA,CRAIG,6,963,14924,1.8,0,2676000,434,2,464,19,40035
OKLAHOMA,CREEK,1,284,5491,0.8,0,3352000,485,3,372,93,40037
OKLAHOMA,CUSTER,5,1195,80980,11,0,2548000,470,0,98,10,40039
OKLAHOMA,DELAWARE,6,193,11914,0.4,0,3233000,643,2,752,19,40041
OKLAHOMA,DEWEY,9,11795,44498,9.2,0,2160000,216,0,48,10,40043
OKLAHOMA,ELLIS,9,35117,27934,15.5,0,1515000,478,0,41,5,40045
OKLAHOMA,GARFIELD,3,2053,217096,3.7,0,3085000,506,1,97,36,40047
OKLAHOMA,GARVIN,6,0,13878,1.4,0,2768000,489,2,293,38,40049
OKLAHOMA,GRADY,1,796,41370,12.6,0,5155000,938,3,232,109,40051
OKLAHOMA,GRANT,8,13783,246476,7.4,0,2253000,385,0,42,16,40053
OKLAHOMA,GREER,9,5235,39736,16.5,0,952000,161,1,95,0,40055
OKLAHOMA,HARMON,9,12982,51121,34.9,0,916000,169,1,84,5,40057
OKLAHOMA,HARPER,9,52378,65540,14.8,0,1641000,302,0,21,2,40059
OKLAHOMA,HASKELL,8,0,5051,0.9,0,1465000,432,2,306,6,40061
OKLAHOMA,HUGHES,9,6,9800,4.4,0,2552000,418,2,182,22,40063
OKLAHOMA,JACKSON,7,4326,255708,17.3,0,1765000,620,0,79,15,40065
OKLAHOMA,JEFFERSON,8,274,25633,2,0,1459000,260,0,74,2,40067
OKLAHOMA,JOHNSTON,9,0,3137,5.9,0,1319000,295,0,210,18,40069
OKLAHOMA,KAY,4,3544,222074,8,0,2084000,417,2,77,27,40071
OKLAHOMA,KINGFISHER,8,1357,78091,5.9,0,2582000,442,0,101,16,40073
OKLAHOMA,KIOWA,8,1827,150181,8.4,0,1985000,331,0,61,1,40075
OKLAHOMA,LATIMER,9,0,1241,0.4,0,1263000,233,1,228,16,40077
OKLAHOMA,LE FLORE,6,0,0,0,0,0,0,2,0,0,40079
OKLAHOMA,LINCOLN,1,4061,9072,0.9,0,3231000,578,4,313,114,40081
OKLAHOMA,LOGAN,1,463,33069,2,0,2204000,464,2,221,79,40083
OKLAHOMA,LOVE,9,0,2181,5.2,0,1562000,179,0,97,20,40085
OKLAHOMA,MCCLAIN,1,0,6568,1.7,0,2827000,457,2,253,68,40087
OKLAHOMA,MCCURTAIN,7,0,3933,6,0,2067000,779,0,349,16,40089
OKLAHOMA,MCINTOSH,8,0,2072,1,0,1550000,384,4,412,37,40091
OKLAHOMA,MAJOR,8,4135,108468,15,0,2127000,457,0,56,16,40093
OKLAHOMA,MARSHALL,9,0,2704,4.7,0,1162000,268,0,134,23,40095
OKLAHOMA,MAYES,6,532,10026,1,0,2929000,408,3,452,55,40097
OKLAHOMA,MURRAY,9,0,1350,2.8,0,1206000,237,0,131,20,40099
OKLAHOMA,MUSKOGEE,4,535,24519,5,0,3050000,684,3,698,52,40101
OKLAHOMA,NOBLE,8,542,75959,2.9,0,2030000,333,0,72,21,40103
OKLAHOMA,NOWATA,8,1410,5836,0.3,0,1971000,267,1,321,17,40105
OKLAHOMA,OKFUSKEE,8,0,3431,1,0,1585000,395,1,229,18,40107
OKLAHOMA,OKLAHOMA,1,0,4811,1.1,0,2593000,563,4,237,82,40109
OKLAHOMA,OKMULGEE,1,156,7188,0.9,0,2246000,444,3,368,54,40111
OKLAHOMA,OSAGE,1,73,26133,1.1,0,3158000,621,5,436,50,40113
OKLAHOMA,OTTAWA,6,216,22670,3.4,0,2367000,759,1,319,23,40115
OKLAHOMA,PAWNEE,1,441,7784,0.4,0,1498000,274,1,104,17,40117
OKLAHOMA,PAYNE,4,869,13021,3.3,0,2865000,478,1,158,81,40119
OKLAHOMA,PITTSBURG,7,0,6247,3.7,0,2394000,475,1,436,40,40121
OKLAHOMA,PONTOTOC,7,380,6772,1.9,0,2303000,320,1,290,37,40123
OKLAHOMA,POTTAWATOMIE,4,37,7315,1.3,0,2896000,330,1,307,71,40125
OKLAHOMA,PUSHMATAHA,9,0,1132,0.6,0,1283000,152,0,219,20,40127
OKLAHOMA,ROGER MILLS,9,5610,30730,28.7,0,2216000,306,0,50,6,40129
OKLAHOMA,ROGERS,1,1058,4710,2.6,0,3510000,590,2,571,166,40131
OKLAHOMA,SEMINOLE,7,0,6934,1.4,0,1850000,305,1,245,24,40133
OKLAHOMA,SEQUOYAH,3,0,21161,2.9,0,2240000,359,0,519,41,40135
OKLAHOMA,STEPHENS,4,44,8848,1.4,0,2186000,410,0,177,30,40137
OKLAHOMA,TEXAS,7,166446,351392,41.9,0,4768000,997,0,76,2,40139
OKLAHOMA,TILLMAN,8,1522,149769,18,0,1731000,328,0,51,15,40141
OKLAHOMA,TULSA,1,0,5295,0,0,1837000,512,1,239,71,40143
OKLAHOMA,WAGONER,1,1345,50178,9.6,0,2060000,503,2,391,63,40145
OKLAHOMA,WASHINGTON,4,0,28793,1.3,0,1207000,240,1,169,25,40147
OKLAHOMA,WASHITA,9,1497,140510,5.3,0,1953000,330,0,108,8,40149
OKLAHOMA,WOODS,7,8967,82923,13.4,0,1860000,452,0,46,13,40151
OKLAHOMA,WOODWARD,7,7846,41477,14.7,0,2659000,454,0,90,21,40153
SOUTH CAROLINA,ABBEVILLE,6,95,1748,1.2,2412000,1067000,249,0,68,51,45001
SOUTH CAROLINA,AIKEN,2,103,19976,5,44796000,2727000,888,1,207,96,45003
SOUTH CAROLINA,ALLENDALE,8,598,21421,16.5,4020000,504000,161,1,39,8,45005
SOUTH CAROLINA,ANDERSON,2,554,12529,2.1,11434000,3214000,512,1,106,122,45007
SOUTH CAROLINA,BAMBERG,9,4093,35078,18.4,18021000,861000,400,0,26,23,45009
SOUTH CAROLINA,BARNWELL,8,1129,14407,5.7,8468000,531000,237,0,46,21,45011
SOUTH CAROLINA,BEAUFORT,3,0,1073,3.1,7218000,688000,2101,4,48,18,45013
SOUTH CAROLINA,BERKELEY,2,287,2493,1.2,-4464000,845000,192,3,67,33,45015
SOUTH CAROLINA,CALHOUN,2,486,40956,24.3,25944000,915000,220,1,17,11,45017
SOUTH CAROLINA,CHARLESTON,2,203,2750,1.2,30974000,1145000,528,6,49,46,45019
SOUTH CAROLINA,CHEROKEE,6,19,9493,0.8,22131000,682000,72,2,23,30,45021
SOUTH CAROLINA,CHESTER,1,142,7469,2,13116000,1373000,263,1,67,43,45023
SOUTH CAROLINA,CHESTERFIELD,6,2833,33011,2.6,56450000,1711000,364,4,97,34,45025
SOUTH CAROLINA,CLARENDON,8,1862,85676,20.5,60453000,2004000,330,2,163,10,45027
SOUTH CAROLINA,COLLETON,6,135,8043,4.4,2306000,1688000,293,2,143,40,45029
SOUTH CAROLINA,DARLINGTON,3,330,88621,15.4,49728000,1315000,505,3,41,12,45031
SOUTH CAROLINA,DILLON,6,401,78591,8.7,69460000,777000,315,1,31,2,45033
SOUTH CAROLINA,DORCHESTER,2,189,33158,6.5,13265000,783000,229,3,115,14,45035
SOUTH CAROLINA,EDGEFIELD,2,431,3356,3.8,26780000,1036000,432,0,58,40,45037
SOUTH CAROLINA,FAIRFIELD,2,0,233,0.1,18287000,668000,117,3,40,18,45039
SOUTH CAROLINA,FLORENCE,3,922,55981,3.2,12745000,909000,291,8,39,28,45041
SOUTH CAROLINA,GEORGETOWN,4,694,3171,1.3,2438000,491000,158,1,41,25,45043
SOUTH CAROLINA,GREENVILLE,2,88,1817,1,1043000,2053000,873,4,74,113,45045
SOUTH CAROLINA,GREENWOOD,4,0,856,1.7,937000,756000,106,0,89,49,45047
SOUTH CAROLINA,HAMPTON,8,297,24032,9.7,2591000,911000,125,2,37,7,45049
SOUTH CAROLINA,HORRY,2,2267,67036,4.4,30603000,1705000,598,4,43,42,45051
SOUTH CAROLINA,JASPER,3,78,0,4.5,8372000,1517000,190,0,21,7,45053
SOUTH CAROLINA,KERSHAW,2,814,9608,1.9,193790000,1762000,598,3,85,33,45055
SOUTH CAROLINA,LANCASTER,1,13,10043,1,39718000,1208000,202,2,18,28,45057
SOUTH CAROLINA,LAURENS,2,287,2443,1.6,25202000,1507000,298,1,43,76,45059
SOUTH CAROLINA,LEE,8,4857,62490,19.3,78296000,1171000,208,2,56,8,45061
SOUTH CAROLINA,LEXINGTON,2,71,13967,6,96319000,2303000,627,3,56,41,45063
SOUTH CAROLINA,MCCORMICK,8,25,481,0,-698000,145000,15,0,34,9,45065
SOUTH CAROLINA,MARION,6,1124,26391,0,7795000,282000,125,2,33,6,45067
SOUTH CAROLINA,MARLBORO,6,452,44518,8.9,23674000,685000,265,1,38,8,45069
SOUTH CAROLINA,NEWBERRY,6,82,17765,3.2,78347000,1064000,241,1,32,38,45071
SOUTH CAROLINA,OCONEE,4,61,5467,0.5,59839000,1223000,393,1,51,56,45073
SOUTH CAROLINA,ORANGEBURG,4,3684,100355,16.6,79853000,2430000,1021,7,176,53,45075
SOUTH CAROLINA,PICKENS,2,0,2350,1.7,-3884000,1097000,351,0,19,66,45077
SOUTH CAROLINA,RICHLAND,2,31,17209,7.9,19631000,1305000,403,4,112,21,45079
SOUTH CAROLINA,SALUDA,2,984,3400,4.7,96186000,1615000,616,1,72,20,45081
SOUTH CAROLINA,SPARTANBURG,2,317,5622,1.7,12411000,2550000,518,5,111,149,45083
SOUTH CAROLINA,SUMTER,3,2584,78676,12,57121000,1490000,602,6,246,24,45085
SOUTH CAROLINA,UNION,2,30,451,0.4,8839000,479000,60,0,31,31,45087
SOUTH CAROLINA,WILLIAMSBURG,6,3935,63860,4.8,12798000,1376000,473,2,166,14,45089
SOUTH CAROLINA,YORK,1,0,4411,2.3,44291000,1976000,965,1,63,84,45091
TENNESSEE,ANDERSON,2,0,1348,0.7,-1312000,889000,150,1,7,31,47001
TENNESSEE,BEDFORD,4,76,25271,1,35549000,3535000,592,0,47,47,47003
TENNESSEE,BENTON,9,2547,13774,1.5,-107000,1343000,104,0,16,11,47005
TENNESSEE,BLEDSOE,8,50,7298,0.3,11923000,889000,308,2,17,28,47007
TENNESSEE,BLOUNT,2,0,5307,1.1,752000,2177000,550,0,33,92,47009
TENNESSEE,BRADLEY,3,158,4145,0.7,40646000,1828000,433,0,22,39,47011
TENNESSEE,CAMPBELL,2,0,543,0,-1669000,500000,76,0,3,13,47013
TENNESSEE,CANNON,1,0,18422,0.3,163000,1211000,169,0,27,22,47015
TENNESSEE,CARROLL,6,8861,92639,10.8,20038000,1712000,276,0,52,10,47017
TENNESSEE,CARTER,3,0,1943,0.1,-2011000,611000,133,0,14,14,47019
TENNESSEE,CHEATHAM,1,150,5887,1,-756000,973000,233,0,10,35,47021
TENNESSEE,CHESTER,3,1682,30250,4.4,9545000,715000,190,0,23,11,47023
TENNESSEE,CLAIBORNE,6,10,1745,0.9,586000,1379000,279,2,15,30,47025
TENNESSEE,CLAY,8,55,4134,0.6,13329000,654000,153,0,23,8,47027
TENNESSEE,COCKE,6,0,5097,1.4,28551000,1134000,424,0,33,20,47029
TENNESSEE,COFFEE,4,13,43533,1.9,11314000,2204000,375,0,34,60,47031
TENNESSEE,CROCKETT,3,2132,120992,21.9,21932000,921000,276,0,22,8,47033
TENNESSEE,CUMBERLAND,4,1329,5170,0.2,-104000,1418000,521,1,14,74,47035
TENNESSEE,DAVIDSON,1,0,1419,0.5,78000,1293000,263,8,64,30,47037
TENNESSEE,DECATUR,9,661,16327,0.9,3710000,653000,130,0,17,15,47039
MARYLAND,ST. MARY'S,3,727,0,0,0,0,0,0,0,0,24037
TENNESSEE,DICKSON,1,468,6393,1.7,-903000,2378000,353,1,30,56,47043
TENNESSEE,DYER,6,1798,196487,35.5,56184000,1546000,358,1,9,9,47045
TENNESSEE,FAYETTE,1,8526,98194,20.3,26370000,2614000,610,2,138,19,47047
TENNESSEE,FENTRESS,8,0,3115,0.6,15687000,1044000,378,2,10,31,47049
TENNESSEE,FRANKLIN,7,353,50001,3.4,33935000,2167000,498,0,32,28,47051
TENNESSEE,GIBSON,3,4869,219305,19.1,52955000,2229000,526,0,32,17,47053
TENNESSEE,GILES,6,2120,19810,4.1,5534000,3155000,598,0,92,54,47055
TENNESSEE,GRAINGER,2,15,4466,4.5,3416000,1464000,535,2,22,35,47057
TENNESSEE,GREENE,4,0,10560,1.1,846000,3661000,961,2,36,96,47059
TENNESSEE,GRUNDY,8,66,4137,0.6,9062000,502000,166,2,10,13,47061
TENNESSEE,HAMBLEN,3,2,6624,2.7,5100000,741000,172,1,23,23,47063
TENNESSEE,HAMILTON,2,0,1481,0.1,4134000,1706000,222,2,21,48,47065
TENNESSEE,HANCOCK,8,0,437,0.3,-1785000,488000,139,0,5,9,47067
TENNESSEE,HARDEMAN,6,4767,32373,2.5,-286000,1415000,270,1,120,28,47069
TENNESSEE,HARDIN,6,2413,22790,4.5,3417000,1135000,155,0,8,17,47071
TENNESSEE,HAWKINS,2,17,2930,0.7,140000,2127000,416,0,38,59,47073
TENNESSEE,HAYWOOD,6,7452,184457,39.9,43655000,1895000,421,0,115,13,47075
TENNESSEE,HENDERSON,6,3755,30024,0.5,2036000,1098000,238,0,41,21,47077
TENNESSEE,HENRY,7,4228,83158,7.3,33476000,2596000,552,0,27,38,47079
TENNESSEE,HICKMAN,1,245,18299,0.4,-1542000,1569000,225,0,31,41,47081
TENNESSEE,HOUSTON,8,0,623,0.9,-1082000,662000,79,0,10,8,47083
TENNESSEE,HUMPHREYS,8,377,7383,1.2,-1460000,1198000,236,0,21,29,47085
TENNESSEE,JACKSON,8,5,2353,1,-878000,1012000,291,0,10,10,47087
TENNESSEE,JEFFERSON,3,0,7299,3.9,1068000,1590000,335,0,18,43,47089
TENNESSEE,JOHNSON,8,0,958,0.7,-3500000,577000,150,0,9,24,47091
TENNESSEE,KNOX,2,47,1592,0.9,3337000,1523000,425,1,18,77,47093
TENNESSEE,LAKE,9,90,56111,38.5,18198000,251000,194,0,0,0,47095
TENNESSEE,LAUDERDALE,6,4639,150855,24.3,30265000,1319000,387,1,28,14,47097
TENNESSEE,LAWRENCE,6,2473,70768,5,15566000,2829000,495,2,24,38,47099
TENNESSEE,LEWIS,8,12,4691,0.3,-1967000,491000,130,0,9,12,47101
TENNESSEE,LINCOLN,6,433,52918,12.1,48809000,3017000,720,2,63,68,47103
TENNESSEE,LOUDON,2,26,8665,0.9,34336000,2026000,1025,3,11,58,47105
TENNESSEE,MCMINN,4,86,14940,1.3,25404000,1622000,370,1,37,58,47107
TENNESSEE,MCNAIRY,8,3889,26723,1,1279000,1067000,152,0,21,11,47109
TENNESSEE,MACON,1,0,14512,6,22785000,1969000,545,0,22,24,47111
TENNESSEE,MADISON,3,9334,85393,9.1,16498000,1352000,240,0,70,18,47113
TENNESSEE,MARION,2,4,12422,0,7868000,730000,207,1,22,12,47115
TENNESSEE,MARSHALL,6,47,14509,1,19770000,2294000,290,1,52,62,47117
TENNESSEE,MAURY,1,527,30688,2.2,2465000,3486000,520,1,42,78,47119
TENNESSEE,MEIGS,8,303,2841,0.3,-1301000,836000,107,0,11,17,47121
TENNESSEE,MONROE,6,0,11520,0.1,14809000,1597000,319,1,19,35,47123
TENNESSEE,MONTGOMERY,2,107,54847,8,24020000,2960000,503,3,69,45,47125
TENNESSEE,MOORE,9,13,1403,0.3,689000,681000,134,0,11,11,47127
TENNESSEE,MORGAN,2,301,2130,0.3,-323000,916000,137,1,10,26,47129
TENNESSEE,OBION,7,4863,177756,28.4,54932000,1671000,362,0,11,8,47131
TENNESSEE,OVERTON,9,178,4837,0.7,6611000,1878000,358,0,16,34,47133
TENNESSEE,PERRY,9,131,4578,1.2,1056000,489000,86,0,5,11,47135
TENNESSEE,PICKETT,9,31,1084,0.1,3414000,491000,149,0,4,12,47137
TENNESSEE,POLK,3,26,6464,0.9,30840000,761000,150,0,1,26,47139
TENNESSEE,PUTNAM,4,59,3762,0.2,-4034000,1930000,327,1,23,51,47141
TENNESSEE,RHEA,6,35,9405,0.3,5884000,952000,152,1,15,34,47143
TENNESSEE,ROANE,2,7,898,0.6,-2725000,1122000,203,1,32,57,47145
TENNESSEE,ROBERTSON,1,126,101844,11.4,34873000,3267000,1020,4,44,55,47147
TENNESSEE,RUTHERFORD,1,0,20626,1.3,-545000,3286000,768,5,106,79,47149
TENNESSEE,SCOTT,8,0,374,0.3,-1224000,365000,76,0,3,7,47151
TENNESSEE,SEQUATCHIE,2,12,408,0.2,1903000,392000,59,0,8,20,47153
TENNESSEE,SEVIER,4,0,773,0.2,609000,636000,166,0,14,26,47155
TENNESSEE,SHELBY,1,1470,38610,0.4,5571000,1743000,415,6,116,54,47157
TENNESSEE,SMITH,1,122,19196,5.4,5961000,1317000,276,0,13,19,47159
TENNESSEE,STEWART,2,191,1878,1.2,-673000,871000,95,1,11,11,47161
TENNESSEE,SULLIVAN,2,0,2100,0.5,-2206000,1623000,354,1,22,65,47163
TENNESSEE,SUMNER,1,408,25609,0.3,4256000,3209000,460,1,48,60,47165
TENNESSEE,TIPTON,1,1223,131264,21.6,29325000,1202000,336,0,53,13,47167
TENNESSEE,TROUSDALE,1,0,3097,0,-1089000,531000,82,1,31,17,47169
TENNESSEE,UNICOI,3,0,177,0.2,664000,119000,45,0,3,8,47171
TENNESSEE,UNION,2,3,1006,1.1,-2228000,953000,149,1,6,19,47173
TENNESSEE,VAN BUREN,9,0,584,1.4,451000,511000,88,0,10,31,47175
TENNESSEE,WARREN,6,39,34577,6.3,57283000,2295000,1381,0,54,31,47177
TENNESSEE,WASHINGTON,3,0,6255,2.3,5134000,2413000,750,1,37,58,47179
TENNESSEE,WAYNE,8,2390,6418,1.4,7838000,1144000,145,1,34,23,47181
TENNESSEE,WEAKLEY,6,9428,166673,21.5,71427000,2775000,629,1,37,25,47183
TENNESSEE,WHITE,7,79,13334,1,5157000,1818000,293,1,27,32,47185
TENNESSEE,WILLIAMSON,1,0,14657,1,746000,2969000,669,1,53,62,47187
TENNESSEE,WILSON,1,824,5367,0.8,-5988000,3383000,437,1,56,87,47189
TEXAS,ANDERSON,7,0,4086,4.8,46223000,5160000,826,0,404,35,48001
TEXAS,ANDREWS,6,33097,11079,16.3,2766000,1155000,55,0,36,4,48003
TEXAS,ANGELINA,5,0,1181,0.3,21575000,1896000,155,1,149,45,48005
TEXAS,ARANSAS,2,0,75,0,0,141000,32,0,12,8,48007
TEXAS,ARCHER,3,19,33892,8.1,42402000,1576000,345,1,19,15,48009
TEXAS,ARMSTRONG,2,20141,41761,15.7,12007000,1209000,128,0,5,1,48011
TEXAS,ATASCOSA,1,172,10064,32.2,-396000,5440000,618,0,836,44,48013
TEXAS,AUSTIN,1,71,4075,5.9,-17190000,5905000,898,2,436,48,48015
TEXAS,BAILEY,6,100814,51033,53.6,123513000,4093000,552,0,105,2,48017
TEXAS,BANDERA,1,0,1698,2,-12428000,3313000,334,0,79,31,48019
TEXAS,BASTROP,1,29,2867,3.1,-7792000,5873000,987,2,528,146,48021
TEXAS,BAYLOR,9,434,10953,13.9,16662000,874000,184,0,10,2,48023
TEXAS,BEE,6,0,13552,7,4017000,2216000,385,0,300,24,48025
TEXAS,BELL,2,261,34249,0.8,-10335000,7116000,859,0,428,119,48027
TEXAS,BEXAR,1,0,7017,6,-83000,7337000,706,2,92,69,48029
TEXAS,BLANCO,8,0,4652,1.2,-12572000,3462000,389,0,97,32,48031
TEXAS,BORDEN,9,3199,9245,3.3,4571000,1070000,157,0,3,0,48033
TEXAS,BOSQUE,2,244,6275,5.9,-3280000,5299000,524,0,138,35,48035
TEXAS,BOWIE,3,425,3129,4,26848000,3538000,533,0,180,36,48037
TEXAS,BRAZORIA,1,0,22954,9.8,13733000,7180000,1371,2,998,150,48039
TEXAS,BRAZOS,2,0,2352,3.5,2712000,3878000,655,0,235,54,48041
TEXAS,BREWSTER,7,0,1405,3.1,-6087000,1663000,202,0,49,12,48043
TEXAS,BRISCOE,8,31222,36843,24.5,13188000,917000,119,0,16,2,48045
TEXAS,BROOKS,9,73,316,6.2,2522000,1467000,233,0,445,8,48047
TEXAS,BROWN,5,34,9191,5,-8358000,3964000,405,1,258,42,48049
TEXAS,BURLESON,2,0,18434,14.3,10993000,4837000,516,0,322,46,48051
TEXAS,BURNET,6,0,3219,1,-16905000,4227000,505,0,186,62,48053
TEXAS,CALDWELL,1,0,7020,5.7,-4663000,4140000,529,0,480,50,48055
TEXAS,CALHOUN,6,0,17364,0,10750000,619000,135,0,54,11,48057
TEXAS,CALLAHAN,3,273,10069,0.4,-9214000,2178000,334,1,73,30,48059
TEXAS,CAMERON,2,2091,39163,22.7,54510000,3166000,1047,1,42,49,48061
TEXAS,CAMP,8,0,1621,7.3,43620000,1526000,280,0,110,14,48063
TEXAS,CARSON,2,26677,204725,44.8,49502000,1760000,326,0,23,9,48065
TEXAS,CASS,6,0,2109,0.4,43930000,2086000,328,0,221,28,48067
TEXAS,CASTRO,9,70861,138939,51.9,671181000,3563000,1380,0,20,5,48069
TEXAS,CHAMBERS,1,0,26845,32.8,10442000,1498000,349,0,115,19,48071
TEXAS,CHEROKEE,6,0,1433,1.2,30212000,4402000,714,1,177,48,48073
TEXAS,CHILDRESS,9,17785,32191,20.9,7344000,875000,133,0,23,2,48075
TEXAS,CLAY,3,267,18634,1.6,5145000,3150000,366,0,42,22,48077
TEXAS,COCHRAN,2,74922,91603,34.1,29186000,1689000,179,0,24,1,48079
TEXAS,COKE,8,0,8091,1.2,-7467000,1395000,121,0,72,2,48081
TEXAS,COLEMAN,8,688,34818,2.8,-2577000,2914000,291,0,86,8,48083
TEXAS,COLLIN,1,27,36632,1.4,-17929000,8153000,1025,0,558,220,48085
TEXAS,COLLINGSWORTH,9,21452,51536,20.1,3050000,1168000,130,0,32,6,48087
TEXAS,COLORADO,8,26,14986,24.7,7688000,5240000,784,0,219,28,48089
TEXAS,COMAL,1,0,842,0.5,-10030000,2574000,238,1,98,59,48091
TEXAS,COMANCHE,9,0,28231,28.6,47386000,6183000,1228,0,243,44,48093
TEXAS,CONCHO,8,4473,69561,14,6046000,1492000,216,0,31,2,48095
TEXAS,COOKE,6,0,24992,6.3,-32477000,6960000,737,0,172,81,48097
TEXAS,CORYELL,2,0,32721,6.4,4993000,4009000,640,1,197,63,48099
TEXAS,COTTLE,9,26067,8454,17.5,8738000,843000,132,0,9,0,48101
TEXAS,CRANE,8,60,0,0,-1498000,92000,0,0,4,0,48103
TEXAS,CROCKETT,8,392,0,1.7,10804000,1549000,281,0,50,0,48105
TEXAS,CROSBY,2,33359,186796,34.2,8784000,1685000,352,0,68,11,48107
TEXAS,CULBERSON,9,311,227,27.8,23657000,915000,216,0,15,0,48109
TEXAS,DALLAM,7,86307,168685,58.3,296943000,6221000,1056,0,31,7,48111
TEXAS,DALLAS,1,0,13148,0.5,2276000,2014000,560,7,399,37,48113
TEXAS,DAWSON,6,63594,128945,29.9,7113000,1859000,498,0,42,2,48115
TEXAS,DEAF SMITH,6,151821,218247,49.9,446451000,5664000,1123,0,103,1,48117
TEXAS,DELTA,8,356,15718,1.6,2745000,1144000,107,0,96,19,48119
TEXAS,DENTON,1,0,40350,0.8,-31099000,11674000,1196,0,337,192,48121
DELEWARE,SUSSEX,4,1573,0,0,0,0,0,0,0,0,10005
TEXAS,DICKENS,8,25419,20788,9.4,3215000,1207000,257,0,62,0,48125
TEXAS,DIMMIT,7,0,450,15.2,-13327000,1281000,268,0,151,3,48127
TEXAS,DONLEY,8,14617,35864,27.8,25296000,1184000,142,0,43,5,48129
TEXAS,DUVAL,9,2460,3852,10.1,-8767000,3405000,485,0,7,10,48131
TEXAS,EASTLAND,8,0,9400,8.8,-12006000,3215000,426,0,147,15,48133
TEXAS,ECTOR,3,0,0,0,-5177000,1049000,131,0,56,12,48135
TEXAS,EDWARDS,9,0,434,15.9,-11288000,2787000,227,0,90,6,48137
TEXAS,ELLIS,1,343,38394,1.5,-5747000,8079000,700,2,757,101,48139
TEXAS,EL PASO,2,0,6846,7.7,-6355000,2385000,796,2,610,47,48141
TEXAS,ERATH,5,0,19442,27.5,138235000,9359000,1886,0,248,51,48143
TEXAS,FALLS,2,283,35159,4.8,8899000,5224000,488,1,238,38,48145
TEXAS,FANNIN,6,998,36167,5.5,-1285000,6452000,807,1,308,55,48147
TEXAS,FAYETTE,6,278,8926,5,-11705000,8546000,775,1,371,47,48149
TEXAS,FISHER,8,18395,75727,10.7,-6761000,1834000,218,0,73,10,48151
TEXAS,FLOYD,8,79958,179501,42.9,71765000,1360000,338,0,81,0,48153
TEXAS,FOARD,9,2626,15330,0,3527000,664000,83,0,15,0,48155
TEXAS,FORT BEND,1,0,19963,5.4,3638000,3835000,672,1,535,56,48157
TEXAS,FRANKLIN,9,0,2401,2.3,95127000,1953000,314,0,136,8,48159
TEXAS,FREESTONE,9,0,4152,0.9,15550000,4130000,566,2,586,28,48161
TEXAS,FRIO,6,673,14154,30.1,5439000,2975000,482,0,262,16,48163
TEXAS,GAINES,6,156560,276284,54.6,97915000,3590000,681,0,56,11,48165
TEXAS,GALVESTON,1,0,202,1.1,-1312000,2638000,329,0,160,43,48167
TEXAS,GARZA,2,14495,27815,7.9,-962000,883000,135,0,10,0,48169
TEXAS,GILLESPIE,7,0,5388,5.7,-22646000,6177000,724,0,198,70,48171
TEXAS,GLASSCOCK,8,2747,39785,16.3,8971000,1448000,284,0,13,6,48173
TEXAS,GOLIAD,3,174,3582,18.6,-6113000,2401000,305,0,272,9,48175
TEXAS,GONZALES,6,314,13068,7.4,307737000,8762000,1512,3,424,52,48177
TEXAS,GRAY,6,10126,60501,19.7,90329000,1094000,274,0,22,8,48179
TEXAS,GRAYSON,3,823,44897,1.6,-16987000,8956000,827,0,333,145,48181
TEXAS,GREGG,2,0,413,0.4,-3562000,952000,88,0,126,52,48183
TEXAS,GRIMES,6,0,4844,8.6,-4765000,5628000,735,0,374,50,48185
TEXAS,GUADALUPE,1,0,17781,4.2,-13759000,5331000,873,0,672,100,48187
TEXAS,HALE,4,62898,253124,53,180169000,2943000,765,0,118,11,48189
TEXAS,HALL,9,29140,45714,16.4,10499000,946000,146,0,50,8,48191
TEXAS,HAMILTON,8,65,13392,4.3,12434000,3535000,449,0,89,23,48193
TEXAS,HANSFORD,9,11715,216042,63.7,296768000,2453000,377,0,10,0,48195
TEXAS,HARDEMAN,9,7183,36552,40.2,5113000,1650000,207,0,16,1,48197
TEXAS,HARDIN,2,0,635,0.5,-8201000,1271000,172,1,55,53,48199
TEXAS,HARRIS,1,0,34600,7.1,6714000,5208000,1597,8,670,86,48201
TEXAS,HARRISON,2,0,2128,1,-6831000,2426000,310,0,257,78,48203
TEXAS,HARTLEY,9,16756,161508,40.6,647428000,4892000,1641,0,15,0,48205
TEXAS,HASKELL,8,9095,99195,28.1,12212000,1849000,267,0,25,5,48207
TEXAS,HAYS,1,0,989,1.8,-4937000,5212000,594,1,135,84,48209
TEXAS,HEMPHILL,9,8260,5130,15,48114000,1343000,219,0,7,0,48211
TEXAS,HENDERSON,4,0,2602,1.3,-18309000,5074000,569,1,299,81,48213
TEXAS,HIDALGO,2,9178,98161,24.2,100838000,8124000,4046,3,130,76,48215
TEXAS,HILL,6,1950,53744,4.4,36832000,5553000,690,0,420,48,48217
TEXAS,HOCKLEY,2,100142,215611,51.4,7842000,3076000,542,0,92,8,48219
TEXAS,HOOD,4,0,1265,5.5,-14864000,3321000,456,0,120,59,48221
TEXAS,HOPKINS,6,1392,3570,2.6,122568000,5605000,888,0,446,70,48223
TEXAS,HOUSTON,7,107,6503,3.2,4273000,4248000,849,1,477,13,48225
TEXAS,HOWARD,4,20140,55504,11.8,3543000,1625000,241,0,39,7,48227
TEXAS,HUDSPETH,2,0,9861,3.2,5319000,2032000,308,1,81,4,48229
TEXAS,HUNT,1,0,31871,4.4,-12579000,9502000,1106,1,741,150,48231
TEXAS,HUTCHINSON,6,638,55719,60.9,25837000,981000,87,0,7,4,48233
TEXAS,IRION,3,166,1935,28.5,-268000,872000,97,0,18,7,48235
TEXAS,JACK,8,1048,8599,0.2,-2942000,2506000,270,0,63,23,48237
TEXAS,JACKSON,6,0,52032,7.6,13471000,2253000,319,0,162,6,48239
TEXAS,JASPER,6,0,927,0.3,-9892000,2270000,246,1,190,37,48241
TEXAS,JEFF DAVIS,9,0,172,1.2,-605000,996000,202,0,15,4,48243
TEXAS,JEFFERSON,2,0,11628,16.8,1255000,1912000,323,0,182,36,48245
TEXAS,JIM HOGG,8,2506,0,0.5,-2391000,989000,144,0,260,2,48247
TEXAS,JIM WELLS,6,3031,47785,6.2,9275000,2279000,342,0,733,20,48249
TEXAS,JOHNSON,1,0,9520,0.9,-4601000,7643000,707,0,523,124,48251
TEXAS,JONES,3,9794,95265,10.3,-1085000,2789000,360,0,85,7,48253
TEXAS,KARNES,8,31,881,8.3,-5582000,2942000,394,1,253,11,48255
TEXAS,KAUFMAN,1,0,9375,0.6,-15853000,6801000,564,3,610,86,48257
TEXAS,KENDALL,1,3,1032,1.6,-10679000,3785000,337,0,245,53,48259
TEXAS,KENEDY,9,0,0,0,3160000,863000,189,0,30,0,48261
TEXAS,KENT,9,12752,19999,1.8,12000,629000,89,0,4,2,48263
TEXAS,KERR,4,0,866,1.8,-13271000,3806000,337,0,158,35,48265
TEXAS,KIMBLE,9,0,4412,9.3,-10648000,2311000,198,0,52,3,48267
TEXAS,KING,9,2942,0,34.2,2279000,978000,121,0,8,0,48269
TEXAS,KINNEY,9,103,69,13.8,-629000,1344000,132,0,109,5,48271
TEXAS,KLEBERG,4,119,8849,0.1,16210000,1644000,134,0,276,3,48273
TEXAS,KNOX,9,2293,35514,30.4,-1206000,1195000,120,0,32,6,48275
TEXAS,LAMAR,5,1812,29777,11.4,-7035000,5012000,801,1,255,47,48277
TEXAS,LAMB,6,111338,148887,43.3,209399000,3127000,732,1,114,9,48279
TEXAS,LAMPASAS,2,0,3606,16.2,-2774000,2978000,307,0,132,61,48281
TEXAS,LA SALLE,8,448,4511,9.7,-8917000,2448000,210,0,240,1,48283
TEXAS,LAVACA,8,15,17321,7.8,-10198000,6466000,939,0,270,42,48285
TEXAS,LEE,8,0,1531,2.3,-10323000,4612000,546,0,376,37,48287
TEXAS,LEON,8,0,2562,1.2,56524000,5646000,637,0,349,55,48289
TEXAS,LIBERTY,1,0,7603,4.8,-11395000,3844000,506,0,434,43,48291
TEXAS,LIMESTONE,6,155,5020,2.5,23218000,3473000,462,0,379,21,48293
TEXAS,LIPSCOMB,9,19546,21761,28,20396000,1193000,215,0,24,2,48295
TEXAS,LIVE OAK,8,215,4596,6.3,-8723000,2211000,297,0,242,24,48297
TEXAS,LLANO,7,0,1135,12.8,-1472000,2685000,305,0,74,19,48299
TEXAS,LOVING,9,0,750,0,0,108000,0,0,0,0,48301
TEXAS,LUBBOCK,2,24798,202605,41.6,47198000,4155000,1032,1,154,49,48303
TEXAS,LYNN,2,35473,213163,40.7,10836000,2764000,409,0,29,8,48305
TEXAS,MCCULLOCH,9,606,26164,14,3110000,2564000,298,0,92,11,48307
TEXAS,MCLENNAN,2,77,29451,2.5,7018000,9320000,1050,3,567,119,48309
TEXAS,MCMULLEN,8,0,110,10.7,-6125000,1609000,216,0,42,0,48311
TEXAS,MADISON,8,0,4576,6.7,53895000,3002000,895,0,271,25,48313
TEXAS,MARION,8,0,1030,1.3,1038000,800000,102,0,94,6,48315
TEXAS,MARTIN,3,43118,67745,27.9,1673000,1609000,236,0,56,3,48317
TEXAS,MASON,9,53,4603,14.9,7294000,2505000,308,0,85,14,48319
TEXAS,MATAGORDA,6,0,35518,29.9,53329000,2998000,734,0,240,13,48321
TEXAS,MAVERICK,3,1054,820,21.1,6446000,839000,150,0,289,8,48323
TEXAS,MEDINA,1,47,19263,15.9,-16792000,6604000,736,0,812,105,48325
TEXAS,MENARD,9,286,1667,13,-402000,1685000,125,0,48,4,48327
TEXAS,MIDLAND,3,7033,17477,30.7,-2523000,1567000,207,0,118,11,48329
TEXAS,MILAM,6,0,20619,10.4,32819000,5961000,718,0,330,58,48331
TEXAS,MILLS,9,89,3798,2.3,4653000,2624000,327,0,135,22,48333
TEXAS,MITCHELL,7,17562,21075,6.2,11463000,1290000,208,0,77,3,48335
TEXAS,MONTAGUE,6,2301,14069,3.7,-1592000,4702000,488,0,192,58,48337
TEXAS,MONTGOMERY,1,0,1763,1.8,-18247000,4407000,950,0,274,106,48339
TEXAS,MOORE,7,11972,122690,24.4,256121000,1617000,540,0,54,5,48341
TEXAS,MORRIS,8,0,684,0.2,19738000,885000,86,0,65,6,48343
TEXAS,MOTLEY,8,22568,17304,10.5,7384000,655000,85,0,10,0,48345
TEXAS,NACOGDOCHES,5,25,1087,1.1,200087000,3128000,438,0,198,47,48347
TEXAS,NAVARRO,4,432,9609,0.7,-18809000,5606000,684,0,695,37,48349
TEXAS,NEWTON,8,0,652,0.1,-3889000,885000,117,0,134,21,48351
TEXAS,NOLAN,6,7107,23231,7.1,-2624000,1558000,122,0,43,7,48353
TEXAS,NUECES,2,320,123870,1.5,26328000,2977000,500,0,261,8,48355
TEXAS,OCHILTREE,7,29231,145286,42.1,119462000,1560000,283,0,41,2,48357
TEXAS,OLDHAM,2,22174,38244,11.5,32369000,1541000,180,0,17,6,48359
TEXAS,ORANGE,2,0,193,1.1,-4395000,1184000,147,0,97,38,48361
TEXAS,PALO PINTO,6,0,12943,14.7,-10550000,4079000,386,1,126,31,48363
TEXAS,PANOLA,6,0,1331,2.1,27308000,2317000,251,0,106,16,48365
TEXAS,PARKER,1,0,6388,6.3,-47709000,12509000,1121,0,536,189,48367
TEXAS,PARMER,9,71321,221921,65.3,399670000,5685000,1222,0,51,7,48369
TEXAS,PECOS,7,3346,1544,4.1,12174000,2186000,283,0,36,3,48371
TEXAS,POLK,6,0,1612,0.2,-644000,1673000,166,0,94,27,48373
TEXAS,POTTER,2,4076,18162,6.8,4627000,1139000,152,0,52,17,48375
TEXAS,PRESIDIO,9,0,12,0,1194000,1490000,177,0,52,5,48377
TEXAS,RAINS,8,0,1534,4.5,7428000,1790000,201,0,81,29,48379
TEXAS,RANDALL,2,60445,111663,22.5,243428000,3585000,521,0,122,34,48381
TEXAS,REAGAN,8,594,21347,32.6,470000,625000,67,0,14,6,48383
TEXAS,REAL,9,0,228,1.3,-4838000,1322000,102,0,31,19,48385
TEXAS,RED RIVER,8,3142,12675,7,10790000,2828000,535,0,173,27,48387
TEXAS,REEVES,7,5901,20674,9.7,-1918000,952000,200,0,51,0,48389
TEXAS,REFUGIO,8,0,13589,0,8569000,1173000,152,0,66,3,48391
TEXAS,ROBERTS,9,8746,24696,12.8,7572000,990000,96,0,1,1,48393
TEXAS,ROBERTSON,2,168,9278,13.8,58953000,4424000,635,0,332,26,48395
TEXAS,ROCKWALL,1,0,417,0.5,-4190000,1210000,93,0,93,15,48397
TEXAS,RUNNELS,8,8880,145733,13.7,14579000,2826000,369,0,113,10,48399
TEXAS,RUSK,2,0,1532,1.5,28088000,3453000,517,1,264,59,48401
TEXAS,SABINE,9,0,90,0.1,0,500000,46,0,23,0,48403
TEXAS,SAN AUGUSTINE,9,2587,747,0,138292000,643000,98,0,81,5,48405
TEXAS,SAN JACINTO,1,42,889,0.2,-6450000,1702000,331,0,183,30,48407
TEXAS,SAN PATRICIO,2,713,43889,6.9,37785000,1865000,371,0,272,29,48409
TEXAS,SAN SABA,9,0,9822,13.1,2562000,3836000,388,0,117,8,48411
TEXAS,SCHLEICHER,8,0,35582,35.4,1377000,1837000,181,0,87,5,48413
TEXAS,SCURRY,7,335,54156,12.2,370000,2101000,345,0,62,11,48415
TEXAS,SHACKELFORD,8,0,610,0,4739000,1166000,105,0,1,7,48417
TEXAS,SHELBY,7,56808,1210,0.6,243019000,2939000,563,0,94,4,48419
TEXAS,SHERMAN,9,28,247534,61.9,275723000,4470000,1221,0,15,1,48421
TEXAS,SMITH,3,0,5107,4.6,-4702000,5755000,861,0,710,129,48423
TEXAS,SOMERVELL,8,0,1076,28.9,-2009000,1195000,93,0,34,24,48425
TEXAS,STARR,4,471,20970,8,22467000,2559000,618,0,6,39,48427
TEXAS,STEPHENS,7,503,1640,0,-4268000,1212000,185,0,30,6,48429
TEXAS,STERLING,8,51,3439,30.1,-1218000,378000,79,0,3,2,48431
TEXAS,STONEWALL,9,640,9314,3.4,-8560000,1245000,150,0,17,10,48433
TEXAS,SUTTON,9,68,746,6.6,920000,2181000,252,0,45,0,48435
TEXAS,SWISHER,8,105,191794,48.6,264396000,2630000,327,0,41,2,48437
TEXAS,TARRANT,1,0,4339,0.2,-9539000,4201000,530,4,257,75,48439
TEXAS,TAYLOR,3,1873,39068,1.2,-14008000,2797000,254,0,131,50,48441
TEXAS,TERRELL,9,116,0,1.5,-3636000,492000,76,0,6,1,48443
TEXAS,TERRY,6,813,238861,65.2,42501000,2777000,888,0,77,5,48445
TEXAS,THROCKMORTON,9,304,27910,0,3237000,1833000,120,0,5,2,48447
TEXAS,TITUS,7,231,1024,1.5,85543000,2072000,305,0,177,32,48449
TEXAS,TOM GREEN,3,1023,94095,26.2,17438000,5239000,604,0,330,59,48451
TEXAS,TRAVIS,1,0,9703,7,-11156000,3269000,569,0,342,81,48453
TEXAS,TRINITY,8,122,820,0,-3468000,921000,159,0,111,16,48455
TEXAS,TYLER,8,439,931,0.3,-6609000,1857000,189,1,59,43,48457
TEXAS,UPSHUR,2,123,1415,0.4,9231000,3613000,325,0,235,67,48459
TEXAS,UPTON,8,377,34446,5,3186000,467000,57,0,55,4,48461
TEXAS,UVALDE,6,3,22793,22.1,22801000,3346000,435,1,172,18,48463
TEXAS,VAL VERDE,5,480,12,2.9,1128000,2023000,238,0,201,14,48465
TEXAS,VAN ZANDT,8,13,6888,2.7,11729000,8682000,1714,0,421,96,48467
TEXAS,VICTORIA,3,110,23538,30.1,10790000,4567000,518,0,368,55,48469
TEXAS,WALKER,4,20,1710,0.7,-8139000,3984000,513,0,302,74,48471
TEXAS,WALLER,1,573,9660,8.2,20690000,5382000,1633,0,640,51,48473
TEXAS,WARD,6,252,0,0.7,-2257000,626000,115,0,9,0,48475
TEXAS,WASHINGTON,6,22,1747,3.2,-12367000,6757000,685,0,395,38,48477
TEXAS,WEBB,2,860,2832,20.2,-607000,3715000,567,1,907,15,48479
TEXAS,WHARTON,4,262,119520,43.3,118084000,7007000,3704,2,428,25,48481
TEXAS,WHEELER,9,0,18986,32.9,54176000,1780000,206,0,51,5,48483
TEXAS,WICHITA,3,443,59968,10.9,6324000,1848000,258,1,61,32,48485
TEXAS,WILBARGER,6,20,60118,45.5,11119000,1294000,223,1,51,5,48487
TEXAS,WILLACY,6,96,76251,26.9,37621000,2019000,351,0,338,7,48489
TEXAS,WILLIAMSON,1,146,23375,0.5,-12273000,6671000,860,0,374,150,48491
TEXAS,WILSON,1,105,8277,15.3,10904000,6350000,766,0,704,65,48493
TEXAS,WINKLER,6,0,0,0,-2658000,759000,28,0,14,2,48495
TEXAS,WISE,1,2,7225,3.1,-39648000,10636000,794,0,388,144,48497
TEXAS,WOOD,6,297,1544,7.7,69661000,4008000,615,0,208,70,48499
TEXAS,YOAKUM,9,534,96724,32.4,15519000,2129000,366,0,59,0,48501
TEXAS,YOUNG,7,236,27034,0.1,-6089000,2490000,190,0,78,31,48503
TEXAS,ZAPATA,6,1501,0,0.6,-666000,667000,162,0,443,3,48505
TEXAS,ZAVALA,7,1994,6494,47,23853000,2625000,467,0,163,0,48507
VIRGINIA,ACCOMACK,9,44,55238,9.4,114537000,1296000,451,2,62,19,51001
VIRGINIA,ALBEMARLE,3,0,5352,3.2,-13885000,5294000,1298,3,55,103,51003
VIRGINIA,ALLEGHANY,6,64,335,0.2,-76000,313000,68,0,9,3,51005
VIRGINIA,AMELIA,1,446,17722,2.4,19850000,934000,254,2,25,20,51007
VIRGINIA,AMHERST,2,281,653,1.8,-2126000,1026000,228,0,26,32,51009
VIRGINIA,APPOMATTOX,2,0,3257,1,1872000,984000,158,0,21,32,51011
VIRGINIA,ARLINGTON,1,115,0,0,-1000,5000,3,2,0,3,51013
VIRGINIA,AUGUSTA,3,363,37310,2.6,166985000,4526000,1323,0,49,105,51015
VIRGINIA,BATH,9,100,1073,0.2,-433000,349000,48,0,0,7,51017
VIRGINIA,BEDFORD,2,105,5377,0.4,2514000,2002000,562,1,60,87,51019
VIRGINIA,BLAND,8,20,1250,3.9,288000,774000,69,0,9,12,51021
VIRGINIA,BOTETOURT,2,14,4547,0,3894000,1193000,257,0,4,23,51023
VIRGINIA,BRUNSWICK,8,474,10946,4.7,5578000,684000,149,3,66,11,51025
VIRGINIA,BUCHANAN,9,576,88,0,-497000,140000,53,0,4,1,51027
VIRGINIA,BUCKINGHAM,8,441,7809,0.5,18550000,1212000,161,1,16,27,51029
VIRGINIA,CAMPBELL,2,5,6883,0.5,2111000,1199000,267,2,64,35,51031
VIRGINIA,CAROLINE,8,630,36028,3.7,5774000,899000,166,1,18,25,51033
VIRGINIA,CARROLL,6,60,1998,1.3,6582000,1688000,323,2,20,26,51035
VIRGINIA,CHARLES CITY,1,14,14489,14.9,4811000,471000,194,0,10,9,51036
VIRGINIA,CHARLOTTE,8,163,14908,2.9,7920000,1483000,196,0,97,16,51037
VIRGINIA,CHESTERFIELD,1,48,1648,0.3,-738000,584000,141,0,15,26,51041
VIRGINIA,CLARKE,1,49,4843,0,-778000,1459000,271,0,49,49,51043
VIRGINIA,CRAIG,2,33,747,0,995000,731000,99,1,0,10,51045
VIRGINIA,CULPEPER,1,286,19544,2,10861000,2000000,642,0,57,76,51047
VIRGINIA,CUMBERLAND,8,288,4073,0.1,17033000,863000,148,0,14,20,51049
VIRGINIA,DICKENSON,9,236,164,0.2,0,105000,41,0,2,0,51051
VIRGINIA,DINWIDDIE,1,104,24766,7.6,3841000,1241000,193,2,53,29,51053
VIRGINIA,ESSEX,8,844,43303,0,7919000,718000,156,1,10,19,51057
VIRGINIA,FAIRFAX,1,93,211,0.3,0,344000,0,1,9,20,51059
VIRGINIA,FAUQUIER,1,936,23528,2.3,-20967000,6625000,1632,2,162,160,51061
VIRGINIA,FLOYD,3,435,2311,1,5490000,1616000,548,3,24,69,51063
VIRGINIA,FLUVANNA,3,32,4163,1,-1313000,1399000,216,1,35,46,51065
VIRGINIA,FRANKLIN,2,18,22079,0.5,12553000,2337000,680,2,68,84,51067
VIRGINIA,FREDERICK,3,285,6424,1.7,-3044000,1998000,622,2,27,61,51069
VIRGINIA,GILES,3,68,1348,0.3,907000,639000,129,0,13,21,51071
VIRGINIA,GLOUCESTER,1,7,13263,0.3,3512000,387000,194,0,0,30,51073
VIRGINIA,GOOCHLAND,1,327,9978,0.3,8009000,665000,181,1,59,28,51075
VIRGINIA,GRAYSON,9,1056,6780,0,11039000,2001000,774,0,13,33,51077
VIRGINIA,GREENE,3,1518,1638,0.3,5072000,655000,68,0,22,13,51079
VIRGINIA,GREENSVILLE,6,237,14310,0,2724000,324000,87,0,14,2,51081
VIRGINIA,HALIFAX,6,245,14868,2.2,14458000,1798000,436,0,172,37,51083
VIRGINIA,HANOVER,1,496,39134,6.4,13500000,1803000,604,4,43,43,51085
VIRGINIA,HENRICO,1,1141,5379,0,1100000,187000,53,2,13,18,51087
VIRGINIA,HENRY,4,252,429,0.1,5907000,626000,101,1,23,10,51089
VIRGINIA,HIGHLAND,8,30,2257,0.6,13138000,985000,229,1,13,32,51091
VIRGINIA,ISLE OF WIGHT,1,50,50857,4,18574000,1108000,396,0,18,23,51093
VIRGINIA,JAMES CITY,1,592,0,1.3,-1060000,239000,178,0,21,10,51095
VIRGINIA,KING AND QUEEN,1,312,30160,8.1,10028000,517000,80,0,17,1,51097
VIRGINIA,KING GEORGE,8,12,7542,0,2658000,822000,259,0,14,19,51099
VIRGINIA,KING WILLIAM,1,367,31638,11.2,9093000,817000,158,1,2,19,51101
VIRGINIA,LANCASTER,9,249,6364,0,2640000,182000,61,0,6,7,51103
VIRGINIA,LEE,8,35,613,0.1,780000,1109000,308,0,10,14,51105
VIRGINIA,LOUDOUN,1,744,13253,1.3,-13105000,6439000,1256,1,177,223,51107
VIRGINIA,LOUISA,8,0,14390,0.8,12487000,1488000,186,2,54,60,51109
VIRGINIA,LUNENBURG,9,0,8965,3.1,1340000,770000,261,2,49,19,51111
VIRGINIA,MADISON,8,197,17891,1.1,9764000,1867000,288,2,35,39,51113
VIRGINIA,MATHEWS,1,15,758,0,-649000,136000,0,0,5,11,51115
VIRGINIA,MECKLENBURG,7,0,21945,6.8,6591000,1351000,524,0,72,20,51117
VIRGINIA,MIDDLESEX,8,0,11002,0,1920000,226000,80,0,3,11,51119
VIRGINIA,MONTGOMERY,3,6,4582,1.8,1220000,1277000,310,3,11,50,51121
VIRGINIA,NELSON,3,11,2443,3,1730000,1080000,636,1,29,62,51125
VIRGINIA,NEW KENT,1,5,10168,3.8,1095000,706000,76,1,6,14,51127
VIRGINIA,NORTHAMPTON,8,0,25978,17.2,34317000,1009000,746,0,18,16,51131
VIRGINIA,NORTHUMBERLAND,9,27,39687,0.1,11403000,461000,155,0,14,22,51133
VIRGINIA,NOTTOWAY,8,0,6731,0,15357000,912000,135,1,36,11,51135
VIRGINIA,ORANGE,6,1444,25024,0.8,44959000,2273000,764,1,57,28,51137
VIRGINIA,PAGE,8,996,5075,0.4,87502000,1450000,278,0,7,25,51139
VIRGINIA,PATRICK,8,967,1730,0,2386000,1302000,357,1,19,26,51141
VIRGINIA,PITTSYLVANIA,4,0,20242,4.9,25213000,2532000,805,2,101,61,51143
VIRGINIA,POWHATAN,1,235,4136,1.8,-6000,623000,232,1,28,20,51145
VIRGINIA,PRINCE EDWARD,6,0,3914,0.2,5028000,841000,137,1,55,17,51147
VIRGINIA,PRINCE GEORGE,1,3,12373,0,1757000,386000,98,1,20,16,51149
VIRGINIA,PRINCE WILLIAM,1,143,4842,2.5,-619000,1603000,246,3,58,54,51153
VIRGINIA,PULASKI,3,18,2469,0.4,4765000,1110000,291,2,5,21,51155
VIRGINIA,RAPPAHANNOCK,1,0,1129,0.4,-3799000,1856000,396,0,34,53,51157
VIRGINIA,RICHMOND,9,13,21332,0.4,8160000,453000,100,1,33,9,51159
VIRGINIA,ROANOKE,2,0,405,0.7,557000,605000,121,0,5,23,51161
VIRGINIA,ROCKBRIDGE,6,2,5668,0.3,10849000,1971000,350,1,37,62,51163
VIRGINIA,ROCKINGHAM,3,0,50847,3.7,462373000,6514000,2169,2,110,137,51165
VIRGINIA,RUSSELL,8,0,2472,0.1,5450000,1447000,369,0,25,29,51167
VIRGINIA,SCOTT,2,578,1998,0,302000,2112000,369,2,10,34,51169
VIRGINIA,SHENANDOAH,6,0,20338,1,78165000,2999000,681,2,32,64,51171
VIRGINIA,SMYTH,7,5,3345,0.3,6528000,1165000,191,1,15,29,51173
VIRGINIA,SOUTHAMPTON,6,0,83912,6.3,30898000,1739000,441,3,65,14,51175
VIRGINIA,SPOTSYLVANIA,1,2,7759,1.2,4712000,877000,447,1,51,28,51177
VIRGINIA,STAFFORD,1,152,3381,0.1,-2382000,881000,188,2,39,31,51179
VIRGINIA,SURRY,1,22,26697,6.6,20855000,529000,119,1,45,16,51181
VIRGINIA,SUSSEX,1,37,38274,1.2,15542000,582000,182,1,27,3,51183
VIRGINIA,TAZEWELL,7,0,2036,0,3635000,930000,200,0,12,17,51185
VIRGINIA,WARREN,1,576,909,0.2,-1082000,801000,290,0,5,22,51187
VIRGINIA,WASHINGTON,2,29,5424,1.4,22446000,2647000,631,1,27,56,51191
VIRGINIA,WESTMORELAND,8,174,22297,7.3,29189000,679000,567,2,49,10,51193
VIRGINIA,WISE,7,67,162,0.3,-338000,226000,72,1,2,12,51195
VIRGINIA,WYTHE,6,134,12194,0.2,11884000,2089000,359,0,22,36,51197
VIRGINIA,YORK,1,2,0,0.1,-254000,109000,107,1,3,18,51199
WEST VIRGINIA,BARBOUR,9,1004,281,0.7,2468000,700000,119,2,9,40,54001
WEST VIRGINIA,BERKELEY,2,0,5431,0.6,3754000,1723000,479,2,20,77,54003
WEST VIRGINIA,BOONE,3,0,0,0,-126000,25000,0,0,4,3,54005
WEST VIRGINIA,BRAXTON,8,255,923,0.5,841000,418000,115,0,1,20,54007
WEST VIRGINIA,BROOKE,3,0,398,0,-187000,201000,114,0,0,11,54009
WEST VIRGINIA,CABELL,2,141,681,1.7,-1905000,573000,92,0,5,38,54011
WEST VIRGINIA,CALHOUN,8,22,168,1.1,-58000,333000,108,1,3,15,54013
WEST VIRGINIA,CLAY,3,7,75,0.2,-225000,165000,37,1,19,8,54015
WEST VIRGINIA,DODDRIDGE,9,0,495,0.5,-1357000,587000,126,0,4,22,54017
WEST VIRGINIA,FAYETTE,3,0,585,0.2,1394000,433000,117,0,11,21,54019
WEST VIRGINIA,GILMER,9,0,177,0.4,944000,255000,61,0,9,12,54021
WEST VIRGINIA,GRANT,9,22,1524,0.7,21014000,695000,143,0,21,21,54023
WEST VIRGINIA,GREENBRIER,6,101,3464,0.3,-1091000,1190000,379,4,29,66,54025
WEST VIRGINIA,HAMPSHIRE,3,0,3135,0.6,24686000,1640000,257,6,30,62,54027
WEST VIRGINIA,HANCOCK,3,996,181,0,-314000,140000,16,0,0,3,54029
WEST VIRGINIA,HARDY,8,967,6115,0.5,88902000,1073000,374,3,15,17,54031
WEST VIRGINIA,HARRISON,5,0,1033,0.5,163000,1305000,148,1,30,46,54033
WEST VIRGINIA,JACKSON,8,235,1503,0.9,-2980000,1424000,231,0,14,47,54035
WEST VIRGINIA,JEFFERSON,1,0,22853,0.6,10647000,1573000,361,1,46,47,54037
WEST VIRGINIA,KANAWHA,3,3,119,0.3,-989000,391000,81,0,2,23,54039
WEST VIRGINIA,LEWIS,9,143,231,0.4,437000,523000,67,2,11,16,54041
WEST VIRGINIA,LINCOLN,8,18,49,0.3,-764000,282000,91,1,2,15,54043
WEST VIRGINIA,LOGAN,6,0,0,0,-162000,15000,5,0,0,1,54045
WEST VIRGINIA,MCDOWELL,9,13,0,0,0,29000,0,0,1,2,54047
WEST VIRGINIA,MARION,4,0,1025,0.9,-1240000,977000,127,0,4,65,54049
WEST VIRGINIA,MARSHALL,3,2,785,0.8,-2399000,1066000,120,0,6,43,54051
WEST VIRGINIA,MASON,6,0,10573,1.3,12035000,1199000,411,2,17,41,54053
WEST VIRGINIA,MERCER,4,0,601,0.1,741000,617000,106,2,19,23,54055
WEST VIRGINIA,MINERAL,7,578,1858,4.4,9506000,776000,115,2,11,36,54057
WEST VIRGINIA,MINGO,8,0,0,0,0,8000,0,1,0,4,54059
WEST VIRGINIA,MONONGALIA,3,5,983,0.9,-1757000,857000,121,0,10,28,54061
WEST VIRGINIA,MONROE,8,0,2198,0.6,2858000,1163000,304,1,56,39,54063
WEST VIRGINIA,MORGAN,2,2,645,0.6,-451000,498000,115,1,9,27,54065
WEST VIRGINIA,NICHOLAS,8,152,519,0.3,-1413000,506000,130,2,4,37,54067
WEST VIRGINIA,OHIO,3,22,804,0,-320000,444000,58,0,6,16,54069
WEST VIRGINIA,PENDLETON,8,37,2126,0.5,43342000,1505000,235,0,15,24,54071
WEST VIRGINIA,PLEASANTS,8,0,356,2.5,-267000,231000,34,0,0,17,54073
WEST VIRGINIA,POCAHONTAS,9,576,1312,0.2,2475000,815000,119,2,15,27,54075
WEST VIRGINIA,PRESTON,3,29,4743,0.5,960000,1655000,227,1,15,80,54077
WEST VIRGINIA,PUTNAM,2,174,443,0.9,-638000,917000,178,1,9,36,54079
WEST VIRGINIA,RALEIGH,3,67,297,0.3,-1783000,557000,94,1,13,31,54081
WEST VIRGINIA,RANDOLPH,7,134,957,0.2,1733000,536000,139,3,10,33,54083
WEST VIRGINIA,RITCHIE,8,2,724,0.9,-2135000,766000,89,0,12,12,54085
WEST VIRGINIA,ROANE,8,1004,569,0.4,-573000,628000,100,1,5,31,54087
WEST VIRGINIA,SUMMERS,8,0,715,0.3,-62000,461000,105,1,25,36,54089
WEST VIRGINIA,TAYLOR,6,0,518,0.3,-1501000,560000,84,0,9,20,54091
WEST VIRGINIA,TUCKER,9,255,409,0.2,343000,164000,77,1,4,10,54093
WEST VIRGINIA,TYLER,9,0,358,0.8,2278000,667000,83,0,5,22,54095
WEST VIRGINIA,UPSHUR,7,141,699,0.5,-276000,452000,149,3,17,32,54097
WEST VIRGINIA,WAYNE,2,22,182,0.3,-395000,263000,64,0,8,24,54099
WEST VIRGINIA,WEBSTER,9,7,76,0.1,238000,37000,8,0,0,9,54101
WEST VIRGINIA,WETZEL,7,0,432,0.6,-769000,429000,29,0,10,6,54103
WEST VIRGINIA,WIRT,3,0,271,2.7,-915000,362000,41,1,2,18,54105
WEST VIRGINIA,WOOD,3,0,1491,0.5,-3743000,1207000,127,2,8,41,54107
WEST VIRGINIA,WYOMING,8,22,15,0,0,31000,0,0,0,1,54109
